store_id,store_name,product_name,total_sold,total_returned,return_rate_percent
1,"Central Square","Luxe Fashion Item 52",43,7,16.28
1,"Central Square","UrbanX Fashion Item 12",37,5,13.51
1,"Central Square","Luxe Fashion Item 161",30,4,13.33
1,"Central Square","Nova Home Item 94",32,4,12.50
1,"Central Square","UrbanX Fashion Item 166",32,4,12.50
1,"Central Square","Acme Sports Item 123",34,4,11.76
1,"Central Square","Acme Grocery Item 32",35,4,11.43
1,"Central Square","Pulse Fashion Item 283",35,4,11.43
1,"Central Square","EcoWare Toys Item 15",30,3,10.00
1,"Central Square","Zenon Home Item 222",30,3,10.00
1,"Central Square","Luxe Toys Item 219",41,4,9.76
1,"Central Square","Pulse Sports Item 273",44,4,9.09
1,"Central Square","Freshly Books Item 253",34,3,8.82
1,"Central Square","Acme Grocery Item 193",47,4,8.51
1,"Central Square","Pulse Beauty Item 249",37,3,8.11
1,"Central Square","Luxe Toys Item 97",39,3,7.69
1,"Central Square","Freshly Home Item 107",42,3,7.14
1,"Central Square","Luxe Beauty Item 42",30,2,6.67
1,"Central Square","Zenon Electronics Item 103",30,2,6.67
1,"Central Square","Nova Toys Item 171",30,2,6.67
1,"Central Square","EcoWare Home Item 297",30,2,6.67
1,"Central Square","UrbanX Home Item 128",31,2,6.45
1,"Central Square","Crafto Home Item 164",31,2,6.45
1,"Central Square","Nova Books Item 210",31,2,6.45
1,"Central Square","Freshly Beauty Item 218",34,2,5.88
1,"Central Square","Nova Sports Item 45",36,2,5.56
1,"Central Square","UrbanX Fashion Item 88",37,2,5.41
1,"Central Square","Pulse Home Item 265",38,2,5.26
1,"Central Square","Pulse Home Item 133",41,2,4.88
1,"Central Square","UrbanX Home Item 287",62,3,4.84
1,"Central Square","EcoWare Fashion Item 34",42,2,4.76
1,"Central Square","EcoWare Books Item 154",45,2,4.44
1,"Central Square","Luxe Sports Item 172",46,2,4.35
1,"Central Square","Acme Fashion Item 191",54,2,3.70
1,"Central Square","Zenon Beauty Item 272",55,2,3.64
1,"Central Square","Luxe Toys Item 14",29,1,3.45
1,"Central Square","Pulse Fashion Item 37",29,1,3.45
1,"Central Square","PlayOn Home Item 111",29,1,3.45
1,"Central Square","Freshly Home Item 230",29,1,3.45
1,"Central Square","EcoWare Electronics Item 259",29,1,3.45
1,"Central Square","Nova Beauty Item 60",30,1,3.33
1,"Central Square","Acme Grocery Item 71",31,1,3.23
1,"Central Square","UrbanX Electronics Item 206",31,1,3.23
1,"Central Square","Crafto Electronics Item 95",32,1,3.13
1,"Central Square","Pulse Electronics Item 83",34,1,2.94
1,"Central Square","EcoWare Books Item 174",34,1,2.94
1,"Central Square","Luxe Sports Item 48",69,2,2.90
1,"Central Square","PlayOn Toys Item 7",35,1,2.86
1,"Central Square","Freshly Grocery Item 79",35,1,2.86
1,"Central Square","Nova Beauty Item 157",35,1,2.86
1,"Central Square","Crafto Fashion Item 295",36,1,2.78
1,"Central Square","PlayOn Home Item 17",37,1,2.70
1,"Central Square","Acme Electronics Item 81",38,1,2.63
1,"Central Square","Luxe Home Item 35",39,1,2.56
1,"Central Square","PlayOn Toys Item 110",39,1,2.56
2,"City Mall","Freshly Fashion Item 89",47,8,17.02
2,"City Mall","Pulse Toys Item 141",36,6,16.67
2,"City Mall","PlayOn Toys Item 7",32,5,15.63
2,"City Mall","Freshly Sports Item 252",32,5,15.63
2,"City Mall","Zenon Toys Item 114",33,5,15.15
2,"City Mall","Pulse Grocery Item 290",43,6,13.95
2,"City Mall","Freshly Fashion Item 256",56,6,10.71
2,"City Mall","Pulse Fashion Item 37",38,4,10.53
2,"City Mall","Zenon Toys Item 108",38,4,10.53
2,"City Mall","Crafto Grocery Item 63",48,5,10.42
2,"City Mall","PlayOn Beauty Item 93",48,5,10.42
2,"City Mall","Luxe Grocery Item 180",48,5,10.42
2,"City Mall","UrbanX Beauty Item 177",29,3,10.34
2,"City Mall","Nova Electronics Item 178",49,5,10.20
2,"City Mall","Pulse Sports Item 148",40,4,10.00
2,"City Mall","Freshly Grocery Item 156",40,4,10.00
2,"City Mall","Nova Books Item 76",45,4,8.89
2,"City Mall","Acme Electronics Item 262",36,3,8.33
2,"City Mall","Acme Grocery Item 271",36,3,8.33
2,"City Mall","Pulse Home Item 184",49,4,8.16
2,"City Mall","Crafto Beauty Item 199",37,3,8.11
2,"City Mall","Luxe Toys Item 96",40,3,7.50
2,"City Mall","Crafto Electronics Item 280",30,2,6.67
2,"City Mall","PlayOn Beauty Item 6",31,2,6.45
2,"City Mall","Acme Toys Item 105",34,2,5.88
2,"City Mall","Acme Electronics Item 109",34,2,5.88
2,"City Mall","Acme Grocery Item 71",35,2,5.71
2,"City Mall","Freshly Sports Item 291",35,2,5.71
2,"City Mall","Zenon Beauty Item 272",55,3,5.45
2,"City Mall","PlayOn Toys Item 228",37,2,5.41
2,"City Mall","UrbanX Sports Item 99",38,2,5.26
2,"City Mall","Nova Sports Item 274",39,2,5.13
2,"City Mall","Freshly Fashion Item 130",41,2,4.88
2,"City Mall","Nova Home Item 118",50,2,4.00
2,"City Mall","Freshly Grocery Item 244",29,1,3.45
2,"City Mall","Pulse Beauty Item 249",29,1,3.45
2,"City Mall","EcoWare Electronics Item 54",30,1,3.33
2,"City Mall","Luxe Toys Item 97",30,1,3.33
2,"City Mall","Nova Electronics Item 196",30,1,3.33
2,"City Mall","Pulse Fashion Item 176",31,1,3.23
2,"City Mall","Zenon Toys Item 258",31,1,3.23
2,"City Mall","Pulse Fashion Item 90",32,1,3.13
2,"City Mall","Nova Books Item 210",64,2,3.13
2,"City Mall","Pulse Home Item 265",33,1,3.03
2,"City Mall","Freshly Home Item 146",36,1,2.78
2,"City Mall","PlayOn Home Item 17",37,1,2.70
2,"City Mall","Acme Home Item 91",38,1,2.63
2,"City Mall","Freshly Books Item 251",39,1,2.56
3,"Grand Bazaar","Crafto Fashion Item 27",33,5,15.15
3,"Grand Bazaar","Nova Home Item 94",36,5,13.89
3,"Grand Bazaar","Luxe Sports Item 172",37,5,13.51
3,"Grand Bazaar","EcoWare Electronics Item 58",40,4,10.00
3,"Grand Bazaar","Nova Sports Item 183",41,4,9.76
3,"Grand Bazaar","PlayOn Toys Item 1",31,3,9.68
3,"Grand Bazaar","Freshly Grocery Item 244",31,3,9.68
3,"Grand Bazaar","UrbanX Sports Item 3",44,4,9.09
3,"Grand Bazaar","Zenon Toys Item 112",33,3,9.09
3,"Grand Bazaar","Crafto Sports Item 139",33,3,9.09
3,"Grand Bazaar","UrbanX Sports Item 186",33,3,9.09
3,"Grand Bazaar","Nova Fashion Item 198",44,4,9.09
3,"Grand Bazaar","Acme Grocery Item 193",34,3,8.82
3,"Grand Bazaar","Freshly Home Item 230",34,3,8.82
3,"Grand Bazaar","PlayOn Grocery Item 20",39,3,7.69
3,"Grand Bazaar","Acme Home Item 91",40,3,7.50
3,"Grand Bazaar","Pulse Fashion Item 176",55,4,7.27
3,"Grand Bazaar","Acme Fashion Item 293",43,3,6.98
3,"Grand Bazaar","Luxe Books Item 21",44,3,6.82
3,"Grand Bazaar","Zenon Electronics Item 103",44,3,6.82
3,"Grand Bazaar","Freshly Grocery Item 248",45,3,6.67
3,"Grand Bazaar","PlayOn Electronics Item 57",31,2,6.45
3,"Grand Bazaar","PlayOn Electronics Item 145",47,3,6.38
3,"Grand Bazaar","Zenon Toys Item 114",48,3,6.25
3,"Grand Bazaar","Acme Toys Item 194",32,2,6.25
3,"Grand Bazaar","Crafto Sports Item 286",33,2,6.06
3,"Grand Bazaar","Zenon Toys Item 300",34,2,5.88
3,"Grand Bazaar","UrbanX Sports Item 99",37,2,5.41
3,"Grand Bazaar","Acme Electronics Item 169",38,2,5.26
3,"Grand Bazaar","Crafto Fashion Item 295",38,2,5.26
3,"Grand Bazaar","Acme Beauty Item 239",39,2,5.13
3,"Grand Bazaar","Acme Grocery Item 65",41,2,4.88
3,"Grand Bazaar","EcoWare Grocery Item 9",43,2,4.65
3,"Grand Bazaar","Luxe Home Item 8",44,2,4.55
3,"Grand Bazaar","Nova Books Item 132",44,2,4.55
3,"Grand Bazaar","Freshly Fashion Item 243",45,2,4.44
3,"Grand Bazaar","Pulse Sports Item 148",46,2,4.35
3,"Grand Bazaar","Crafto Grocery Item 144",55,2,3.64
3,"Grand Bazaar","Pulse Grocery Item 290",31,1,3.23
3,"Grand Bazaar","Luxe Toys Item 97",32,1,3.13
3,"Grand Bazaar","Zenon Grocery Item 179",34,1,2.94
3,"Grand Bazaar","Luxe Sports Item 240",34,1,2.94
3,"Grand Bazaar","Luxe Books Item 155",35,1,2.86
3,"Grand Bazaar","UrbanX Books Item 53",36,1,2.78
3,"Grand Bazaar","EcoWare Home Item 129",36,1,2.78
4,"Tech Hub","Luxe Home Item 35",38,7,18.42
4,"Tech Hub","Freshly Sports Item 291",34,6,17.65
4,"Tech Hub","Acme Toys Item 105",35,5,14.29
4,"Tech Hub","PlayOn Toys Item 110",42,6,14.29
4,"Tech Hub","Acme Sports Item 292",37,5,13.51
4,"Tech Hub","Nova Electronics Item 25",30,4,13.33
4,"Tech Hub","Crafto Beauty Item 49",30,4,13.33
4,"Tech Hub","Pulse Home Item 184",38,5,13.16
4,"Tech Hub","Zenon Sports Item 201",32,4,12.50
4,"Tech Hub","Nova Electronics Item 64",43,5,11.63
4,"Tech Hub","Pulse Home Item 285",43,5,11.63
4,"Tech Hub","PlayOn Fashion Item 28",35,4,11.43
4,"Tech Hub","Luxe Electronics Item 134",29,3,10.34
4,"Tech Hub","Zenon Fashion Item 30",39,4,10.26
4,"Tech Hub","EcoWare Books Item 68",30,3,10.00
4,"Tech Hub","Pulse Grocery Item 290",43,4,9.30
4,"Tech Hub","Crafto Fashion Item 295",33,3,9.09
4,"Tech Hub","Freshly Electronics Item 13",46,4,8.70
4,"Tech Hub","UrbanX Fashion Item 225",46,4,8.70
4,"Tech Hub","Acme Sports Item 151",47,4,8.51
4,"Tech Hub","Pulse Home Item 77",36,3,8.33
4,"Tech Hub","EcoWare Home Item 129",36,3,8.33
4,"Tech Hub","Zenon Fashion Item 226",36,3,8.33
4,"Tech Hub","Luxe Sports Item 240",36,3,8.33
4,"Tech Hub","Nova Books Item 257",36,3,8.33
4,"Tech Hub","Pulse Beauty Item 270",36,3,8.33
4,"Tech Hub","Pulse Sports Item 273",37,3,8.11
4,"Tech Hub","UrbanX Sports Item 99",38,3,7.89
4,"Tech Hub","Acme Fashion Item 220",39,3,7.69
4,"Tech Hub","PlayOn Beauty Item 275",40,3,7.50
4,"Tech Hub","Acme Grocery Item 193",41,3,7.32
4,"Tech Hub","Luxe Sports Item 200",43,3,6.98
4,"Tech Hub","Freshly Sports Item 229",29,2,6.90
4,"Tech Hub","Nova Toys Item 242",29,2,6.90
4,"Tech Hub","Acme Electronics Item 72",30,2,6.67
4,"Tech Hub","Freshly Grocery Item 156",30,2,6.67
4,"Tech Hub","Acme Fashion Item 62",31,2,6.45
4,"Tech Hub","Luxe Fashion Item 158",31,2,6.45
4,"Tech Hub","PlayOn Beauty Item 4",32,2,6.25
4,"Tech Hub","Freshly Grocery Item 244",33,2,6.06
4,"Tech Hub","Crafto Toys Item 163",34,2,5.88
4,"Tech Hub","Crafto Sports Item 73",35,2,5.71
4,"Tech Hub","Nova Electronics Item 294",35,2,5.71
4,"Tech Hub","PlayOn Grocery Item 203",36,2,5.56
4,"Tech Hub","Acme Grocery Item 71",38,2,5.26
4,"Tech Hub","Crafto Electronics Item 95",43,2,4.65
4,"Tech Hub","Luxe Books Item 155",45,2,4.44
4,"Tech Hub","Crafto Beauty Item 241",30,1,3.33
4,"Tech Hub","PlayOn Beauty Item 23",31,1,3.23
4,"Tech Hub","Freshly Home Item 146",31,1,3.23
4,"Tech Hub","Pulse Fashion Item 283",31,1,3.23
4,"Tech Hub","Nova Electronics Item 202",32,1,3.13
4,"Tech Hub","Zenon Toys Item 112",33,1,3.03
4,"Tech Hub","Acme Electronics Item 276",33,1,3.03
5,"Fashion Point","Zenon Beauty Item 143",32,9,28.13
5,"Fashion Point","Zenon Electronics Item 264",46,9,19.57
5,"Fashion Point","Zenon Fashion Item 226",41,8,19.51
5,"Fashion Point","Pulse Fashion Item 121",36,6,16.67
5,"Fashion Point","UrbanX Fashion Item 166",35,5,14.29
5,"Fashion Point","Freshly Home Item 146",47,6,12.77
5,"Fashion Point","Acme Grocery Item 271",49,6,12.24
5,"Fashion Point","Nova Toys Item 102",42,5,11.90
5,"Fashion Point","UrbanX Beauty Item 177",43,5,11.63
5,"Fashion Point","Acme Books Item 217",31,3,9.68
5,"Fashion Point","Freshly Beauty Item 5",43,4,9.30
5,"Fashion Point","PlayOn Beauty Item 4",34,3,8.82
5,"Fashion Point","Luxe Sports Item 48",35,3,8.57
5,"Fashion Point","Pulse Beauty Item 136",35,3,8.57
5,"Fashion Point","Pulse Sports Item 148",35,3,8.57
5,"Fashion Point","EcoWare Books Item 154",47,4,8.51
5,"Fashion Point","Zenon Fashion Item 116",59,5,8.47
5,"Fashion Point","UrbanX Toys Item 237",36,3,8.33
5,"Fashion Point","Pulse Toys Item 141",38,3,7.89
5,"Fashion Point","Zenon Fashion Item 204",42,3,7.14
5,"Fashion Point","Zenon Toys Item 258",57,4,7.02
5,"Fashion Point","Crafto Sports Item 73",49,3,6.12
5,"Fashion Point","Crafto Electronics Item 95",34,2,5.88
5,"Fashion Point","EcoWare Sports Item 168",35,2,5.71
5,"Fashion Point","PlayOn Beauty Item 93",36,2,5.56
5,"Fashion Point","Freshly Home Item 268",36,2,5.56
5,"Fashion Point","Crafto Sports Item 260",37,2,5.41
5,"Fashion Point","Acme Books Item 29",56,3,5.36
5,"Fashion Point","PlayOn Fashion Item 28",38,2,5.26
5,"Fashion Point","Acme Electronics Item 81",38,2,5.26
5,"Fashion Point","Luxe Books Item 153",38,2,5.26
5,"Fashion Point","Acme Fashion Item 175",58,3,5.17
5,"Fashion Point","Crafto Beauty Item 199",39,2,5.13
5,"Fashion Point","UrbanX Toys Item 41",41,2,4.88
5,"Fashion Point","Pulse Home Item 285",41,2,4.88
5,"Fashion Point","EcoWare Grocery Item 267",42,2,4.76
5,"Fashion Point","Pulse Beauty Item 270",44,2,4.55
5,"Fashion Point","PlayOn Fashion Item 78",45,2,4.44
5,"Fashion Point","EcoWare Electronics Item 259",46,2,4.35
5,"Fashion Point","Crafto Beauty Item 49",48,2,4.17
5,"Fashion Point","Acme Electronics Item 276",48,2,4.17
5,"Fashion Point","Acme Grocery Item 281",48,2,4.17
5,"Fashion Point","Freshly Fashion Item 256",51,2,3.92
5,"Fashion Point","Luxe Beauty Item 140",31,1,3.23
5,"Fashion Point","Pulse Beauty Item 249",31,1,3.23
5,"Fashion Point","EcoWare Grocery Item 9",32,1,3.13
5,"Fashion Point","Pulse Sports Item 273",32,1,3.13
5,"Fashion Point","Luxe Home Item 233",34,1,2.94
5,"Fashion Point","Crafto Beauty Item 254",34,1,2.94
5,"Fashion Point","UrbanX Sports Item 3",35,1,2.86
5,"Fashion Point","Crafto Grocery Item 63",35,1,2.86
5,"Fashion Point","Nova Home Item 118",37,1,2.70
5,"Fashion Point","Acme Sports Item 151",37,1,2.70
6,"Metro Mart","Pulse Home Item 59",37,9,24.32
6,"Metro Mart","Nova Toys Item 171",30,6,20.00
6,"Metro Mart","PlayOn Fashion Item 28",37,6,16.22
6,"Metro Mart","EcoWare Fashion Item 34",34,5,14.71
6,"Metro Mart","Freshly Grocery Item 156",39,5,12.82
6,"Metro Mart","UrbanX Electronics Item 206",39,5,12.82
6,"Metro Mart","Acme Books Item 29",34,4,11.76
6,"Metro Mart","EcoWare Electronics Item 54",35,4,11.43
6,"Metro Mart","Luxe Home Item 8",39,4,10.26
6,"Metro Mart","Luxe Beauty Item 140",30,3,10.00
6,"Metro Mart","UrbanX Beauty Item 135",31,3,9.68
6,"Metro Mart","Acme Grocery Item 32",42,4,9.52
6,"Metro Mart","PlayOn Books Item 160",42,4,9.52
6,"Metro Mart","UrbanX Books Item 282",42,4,9.52
6,"Metro Mart","Crafto Sports Item 73",44,4,9.09
6,"Metro Mart","Acme Electronics Item 276",33,3,9.09
6,"Metro Mart","PlayOn Grocery Item 203",35,3,8.57
6,"Metro Mart","EcoWare Toys Item 101",36,3,8.33
6,"Metro Mart","Crafto Grocery Item 144",36,3,8.33
6,"Metro Mart","Pulse Fashion Item 84",39,3,7.69
6,"Metro Mart","Zenon Toys Item 258",39,3,7.69
6,"Metro Mart","Zenon Grocery Item 122",40,3,7.50
6,"Metro Mart","Crafto Sports Item 260",55,4,7.27
6,"Metro Mart","Pulse Toys Item 50",30,2,6.67
6,"Metro Mart","Crafto Electronics Item 131",46,3,6.52
6,"Metro Mart","Luxe Sports Item 240",46,3,6.52
6,"Metro Mart","UrbanX Grocery Item 26",47,3,6.38
6,"Metro Mart","Zenon Sports Item 70",33,2,6.06
6,"Metro Mart","Luxe Electronics Item 150",34,2,5.88
6,"Metro Mart","UrbanX Sports Item 75",36,2,5.56
6,"Metro Mart","PlayOn Home Item 111",39,2,5.13
6,"Metro Mart","Acme Sports Item 209",39,2,5.13
6,"Metro Mart","PlayOn Home Item 39",40,2,5.00
6,"Metro Mart","Acme Electronics Item 109",42,2,4.76
6,"Metro Mart","Zenon Grocery Item 170",42,2,4.76
6,"Metro Mart","Nova Sports Item 274",42,2,4.76
6,"Metro Mart","Zenon Beauty Item 56",43,2,4.65
6,"Metro Mart","Pulse Beauty Item 136",45,2,4.44
6,"Metro Mart","UrbanX Fashion Item 225",46,2,4.35
6,"Metro Mart","Nova Fashion Item 104",47,2,4.26
6,"Metro Mart","Acme Sports Item 151",30,1,3.33
6,"Metro Mart","Acme Grocery Item 193",30,1,3.33
6,"Metro Mart","Luxe Books Item 21",31,1,3.23
6,"Metro Mart","Nova Sports Item 183",33,1,3.03
6,"Metro Mart","Crafto Fashion Item 295",33,1,3.03
7,"Value Store","Pulse Home Item 211",44,10,22.73
7,"Value Store","Crafto Beauty Item 254",32,6,18.75
7,"Value Store","Pulse Sports Item 273",40,7,17.50
7,"Value Store","UrbanX Electronics Item 206",31,5,16.13
7,"Value Store","Crafto Home Item 164",39,6,15.38
7,"Value Store","Luxe Grocery Item 180",35,5,14.29
7,"Value Store","Acme Home Item 74",36,5,13.89
7,"Value Store","EcoWare Books Item 162",30,4,13.33
7,"Value Store","EcoWare Sports Item 168",32,4,12.50
7,"Value Store","Nova Toys Item 171",32,4,12.50
7,"Value Store","PlayOn Beauty Item 275",40,5,12.50
7,"Value Store","Acme Fashion Item 175",33,4,12.12
7,"Value Store","EcoWare Books Item 235",36,4,11.11
7,"Value Store","UrbanX Toys Item 236",48,5,10.42
7,"Value Store","Pulse Beauty Item 249",39,4,10.26
7,"Value Store","PlayOn Fashion Item 28",49,5,10.20
7,"Value Store","Pulse Grocery Item 289",34,3,8.82
7,"Value Store","Pulse Books Item 167",35,3,8.57
7,"Value Store","Nova Electronics Item 178",38,3,7.89
7,"Value Store","EcoWare Books Item 68",39,3,7.69
7,"Value Store","Nova Books Item 147",40,3,7.50
7,"Value Store","PlayOn Beauty Item 4",41,3,7.32
7,"Value Store","Pulse Toys Item 50",42,3,7.14
7,"Value Store","Acme Grocery Item 71",56,4,7.14
7,"Value Store","Zenon Sports Item 70",30,2,6.67
7,"Value Store","Pulse Books Item 117",30,2,6.67
7,"Value Store","EcoWare Toys Item 279",30,2,6.67
7,"Value Store","Pulse Home Item 133",31,2,6.45
7,"Value Store","Freshly Sports Item 229",31,2,6.45
7,"Value Store","Crafto Beauty Item 246",31,2,6.45
7,"Value Store","Acme Electronics Item 262",32,2,6.25
7,"Value Store","EcoWare Home Item 129",33,2,6.06
7,"Value Store","Crafto Sports Item 73",34,2,5.88
7,"Value Store","Luxe Books Item 21",36,2,5.56
7,"Value Store","PlayOn Toys Item 228",37,2,5.41
7,"Value Store","PlayOn Beauty Item 23",38,2,5.26
7,"Value Store","Acme Beauty Item 92",57,3,5.26
7,"Value Store","EcoWare Toys Item 15",39,2,5.13
7,"Value Store","Zenon Beauty Item 143",39,2,5.13
7,"Value Store","Nova Toys Item 242",39,2,5.13
7,"Value Store","UrbanX Sports Item 186",62,3,4.84
7,"Value Store","Luxe Home Item 35",42,2,4.76
7,"Value Store","Acme Electronics Item 72",42,2,4.76
7,"Value Store","Luxe Beauty Item 42",48,2,4.17
7,"Value Store","Zenon Home Item 222",49,2,4.08
7,"Value Store","Freshly Home Item 107",53,2,3.77
7,"Value Store","Freshly Grocery Item 156",30,1,3.33
7,"Value Store","Freshly Fashion Item 205",31,1,3.23
7,"Value Store","Crafto Sports Item 260",31,1,3.23
8,"Prime Plaza","Freshly Electronics Item 10",37,9,24.32
8,"Prime Plaza","Pulse Fashion Item 84",39,8,20.51
8,"Prime Plaza","Acme Books Item 217",42,7,16.67
8,"Prime Plaza","Acme Books Item 113",32,5,15.63
8,"Prime Plaza","Acme Fashion Item 191",34,5,14.71
8,"Prime Plaza","Crafto Electronics Item 280",34,5,14.71
8,"Prime Plaza","UrbanX Sports Item 3",35,5,14.29
8,"Prime Plaza","Nova Beauty Item 263",43,6,13.95
8,"Prime Plaza","Pulse Toys Item 141",37,5,13.51
8,"Prime Plaza","Nova Electronics Item 221",33,4,12.12
8,"Prime Plaza","Acme Grocery Item 38",42,5,11.90
8,"Prime Plaza","Zenon Sports Item 201",43,5,11.63
8,"Prime Plaza","Acme Sports Item 119",38,4,10.53
8,"Prime Plaza","Nova Electronics Item 178",38,4,10.53
8,"Prime Plaza","PlayOn Home Item 106",39,4,10.26
8,"Prime Plaza","UrbanX Toys Item 288",39,4,10.26
8,"Prime Plaza","Zenon Grocery Item 277",50,5,10.00
8,"Prime Plaza","Acme Grocery Item 193",31,3,9.68
8,"Prime Plaza","Zenon Toys Item 258",31,3,9.68
8,"Prime Plaza","Acme Grocery Item 281",31,3,9.68
8,"Prime Plaza","Crafto Books Item 51",42,4,9.52
8,"Prime Plaza","Freshly Electronics Item 159",32,3,9.38
8,"Prime Plaza","Freshly Sports Item 229",32,3,9.38
8,"Prime Plaza","PlayOn Toys Item 1",35,3,8.57
8,"Prime Plaza","Pulse Grocery Item 36",35,3,8.57
8,"Prime Plaza","PlayOn Beauty Item 275",50,4,8.00
8,"Prime Plaza","Nova Electronics Item 33",40,3,7.50
8,"Prime Plaza","Freshly Grocery Item 79",41,3,7.32
8,"Prime Plaza","Pulse Toys Item 207",60,4,6.67
8,"Prime Plaza","Pulse Sports Item 148",32,2,6.25
8,"Prime Plaza","PlayOn Grocery Item 266",34,2,5.88
8,"Prime Plaza","Acme Electronics Item 125",35,2,5.71
8,"Prime Plaza","EcoWare Fashion Item 34",39,2,5.13
8,"Prime Plaza","Zenon Sports Item 70",41,2,4.88
8,"Prime Plaza","Zenon Beauty Item 56",42,2,4.76
8,"Prime Plaza","Acme Toys Item 194",44,2,4.55
8,"Prime Plaza","Pulse Toys Item 50",48,2,4.17
8,"Prime Plaza","Freshly Grocery Item 244",50,2,4.00
8,"Prime Plaza","Crafto Beauty Item 199",31,1,3.23
8,"Prime Plaza","Acme Electronics Item 262",32,1,3.13
8,"Prime Plaza","EcoWare Home Item 297",32,1,3.13
9,"Eco Market","PlayOn Home Item 106",32,7,21.88
9,"Eco Market","Crafto Beauty Item 254",32,6,18.75
9,"Eco Market","Acme Sports Item 209",49,9,18.37
9,"Eco Market","Crafto Electronics Item 280",31,5,16.13
9,"Eco Market","Nova Electronics Item 66",32,5,15.63
9,"Eco Market","Crafto Toys Item 163",35,5,14.29
9,"Eco Market","Freshly Sports Item 229",35,5,14.29
9,"Eco Market","Luxe Sports Item 200",36,5,13.89
9,"Eco Market","EcoWare Books Item 162",48,6,12.50
9,"Eco Market","EcoWare Home Item 185",41,4,9.76
9,"Eco Market","PlayOn Home Item 17",52,5,9.62
9,"Eco Market","Nova Electronics Item 196",42,4,9.52
9,"Eco Market","EcoWare Books Item 235",32,3,9.38
9,"Eco Market","Pulse Toys Item 188",44,4,9.09
9,"Eco Market","Nova Fashion Item 198",33,3,9.09
9,"Eco Market","Zenon Toys Item 300",34,3,8.82
9,"Eco Market","Zenon Toys Item 108",58,5,8.62
9,"Eco Market","Zenon Toys Item 258",35,3,8.57
9,"Eco Market","Acme Sports Item 284",47,4,8.51
9,"Eco Market","UrbanX Fashion Item 12",36,3,8.33
9,"Eco Market","UrbanX Books Item 53",36,3,8.33
9,"Eco Market","Nova Toys Item 171",37,3,8.11
9,"Eco Market","Pulse Home Item 184",37,3,8.11
9,"Eco Market","Crafto Electronics Item 95",55,4,7.27
9,"Eco Market","Crafto Sports Item 139",42,3,7.14
9,"Eco Market","Crafto Fashion Item 295",42,3,7.14
9,"Eco Market","Crafto Grocery Item 144",46,3,6.52
9,"Eco Market","Acme Grocery Item 271",47,3,6.38
9,"Eco Market","Nova Sports Item 183",48,3,6.25
9,"Eco Market","EcoWare Fashion Item 100",33,2,6.06
9,"Eco Market","Acme Electronics Item 109",35,2,5.71
9,"Eco Market","Crafto Beauty Item 19",36,2,5.56
9,"Eco Market","Nova Books Item 147",54,3,5.56
9,"Eco Market","EcoWare Electronics Item 259",36,2,5.56
9,"Eco Market","Nova Electronics Item 64",40,2,5.00
9,"Eco Market","Nova Toys Item 242",42,2,4.76
9,"Eco Market","Acme Home Item 91",50,2,4.00
9,"Eco Market","Crafto Electronics Item 165",50,2,4.00
9,"Eco Market","Zenon Beauty Item 56",31,1,3.23
9,"Eco Market","Nova Books Item 132",31,1,3.23
10,"Family Mart","Acme Sports Item 292",34,8,23.53
10,"Family Mart","Acme Electronics Item 169",44,8,18.18
10,"Family Mart","Luxe Books Item 21",41,7,17.07
10,"Family Mart","PlayOn Grocery Item 20",30,5,16.67
10,"Family Mart","PlayOn Grocery Item 203",40,6,15.00
10,"Family Mart","PlayOn Beauty Item 275",30,4,13.33
10,"Family Mart","Freshly Beauty Item 5",32,4,12.50
10,"Family Mart","UrbanX Home Item 128",32,4,12.50
10,"Family Mart","PlayOn Books Item 247",48,6,12.50
10,"Family Mart","PlayOn Beauty Item 6",42,5,11.90
10,"Family Mart","Freshly Grocery Item 79",46,5,10.87
10,"Family Mart","EcoWare Fashion Item 16",40,4,10.00
10,"Family Mart","Pulse Beauty Item 46",30,3,10.00
10,"Family Mart","Crafto Beauty Item 98",50,5,10.00
10,"Family Mart","Nova Fashion Item 104",30,3,10.00
10,"Family Mart","UrbanX Toys Item 236",31,3,9.68
10,"Family Mart","Nova Toys Item 242",42,4,9.52
10,"Family Mart","Pulse Fashion Item 283",42,4,9.52
10,"Family Mart","Pulse Books Item 250",43,4,9.30
10,"Family Mart","Acme Electronics Item 72",33,3,9.09
10,"Family Mart","EcoWare Toys Item 126",33,3,9.09
10,"Family Mart","PlayOn Home Item 39",45,4,8.89
10,"Family Mart","Zenon Toys Item 300",45,4,8.89
10,"Family Mart","Nova Books Item 257",34,3,8.82
10,"Family Mart","Acme Sports Item 231",46,4,8.70
10,"Family Mart","EcoWare Toys Item 279",47,4,8.51
10,"Family Mart","Pulse Beauty Item 270",36,3,8.33
10,"Family Mart","Luxe Fashion Item 158",37,3,8.11
10,"Family Mart","Luxe Fashion Item 86",42,3,7.14
10,"Family Mart","Crafto Fashion Item 299",42,3,7.14
10,"Family Mart","PlayOn Toys Item 228",30,2,6.67
10,"Family Mart","Luxe Home Item 35",47,3,6.38
10,"Family Mart","Freshly Fashion Item 256",32,2,6.25
10,"Family Mart","EcoWare Toys Item 101",36,2,5.56
10,"Family Mart","Crafto Beauty Item 234",54,3,5.56
10,"Family Mart","Crafto Fashion Item 27",40,2,5.00
10,"Family Mart","Zenon Fashion Item 116",41,2,4.88
10,"Family Mart","Acme Beauty Item 224",42,2,4.76
10,"Family Mart","Freshly Sports Item 291",42,2,4.76
10,"Family Mart","Freshly Electronics Item 159",50,2,4.00
10,"Family Mart","Crafto Electronics Item 131",51,2,3.92
10,"Family Mart","Luxe Electronics Item 134",30,1,3.33
10,"Family Mart","Zenon Grocery Item 122",31,1,3.23
10,"Family Mart","Zenon Sports Item 127",32,1,3.13
10,"Family Mart","Acme Books Item 217",33,1,3.03
10,"Family Mart","Nova Electronics Item 33",34,1,2.94
10,"Family Mart","Nova Books Item 76",35,1,2.86
10,"Family Mart","PlayOn Home Item 106",35,1,2.86
10,"Family Mart","Crafto Toys Item 163",37,1,2.70
10,"Family Mart","Acme Grocery Item 71",38,1,2.63
10,"Family Mart","Acme Grocery Item 65",39,1,2.56
10,"Family Mart","UrbanX Books Item 53",40,1,2.50
10,"Family Mart","UrbanX Fashion Item 166",42,1,2.38
11,"Corner Shop","UrbanX Beauty Item 177",36,7,19.44
11,"Corner Shop","Pulse Home Item 211",46,8,17.39
11,"Corner Shop","Zenon Fashion Item 226",33,5,15.15
11,"Corner Shop","Freshly Electronics Item 10",38,5,13.16
11,"Corner Shop","Zenon Beauty Item 143",41,5,12.20
11,"Corner Shop","UrbanX Toys Item 41",42,5,11.90
11,"Corner Shop","Freshly Fashion Item 243",34,4,11.76
11,"Corner Shop","Crafto Toys Item 163",43,5,11.63
11,"Corner Shop","Freshly Beauty Item 223",36,4,11.11
11,"Corner Shop","Pulse Toys Item 50",40,4,10.00
11,"Corner Shop","Pulse Books Item 250",33,3,9.09
11,"Corner Shop","Acme Electronics Item 169",34,3,8.82
11,"Corner Shop","Zenon Beauty Item 272",46,4,8.70
11,"Corner Shop","Acme Fashion Item 62",35,3,8.57
11,"Corner Shop","PlayOn Books Item 115",35,3,8.57
11,"Corner Shop","Zenon Grocery Item 122",49,4,8.16
11,"Corner Shop","UrbanX Fashion Item 31",37,3,8.11
11,"Corner Shop","Pulse Fashion Item 176",38,3,7.89
11,"Corner Shop","Freshly Toys Item 261",38,3,7.89
11,"Corner Shop","EcoWare Books Item 235",39,3,7.69
11,"Corner Shop","Acme Electronics Item 72",40,3,7.50
11,"Corner Shop","EcoWare Electronics Item 259",40,3,7.50
11,"Corner Shop","Luxe Books Item 155",43,3,6.98
11,"Corner Shop","Acme Grocery Item 65",44,3,6.82
11,"Corner Shop","Nova Books Item 132",44,3,6.82
11,"Corner Shop","Zenon Beauty Item 187",45,3,6.67
11,"Corner Shop","Nova Books Item 18",48,3,6.25
11,"Corner Shop","Pulse Home Item 59",33,2,6.06
11,"Corner Shop","Zenon Toys Item 114",34,2,5.88
11,"Corner Shop","Luxe Grocery Item 180",34,2,5.88
11,"Corner Shop","Zenon Toys Item 300",34,2,5.88
11,"Corner Shop","Acme Home Item 74",35,2,5.71
11,"Corner Shop","Crafto Books Item 138",38,2,5.26
11,"Corner Shop","Crafto Sports Item 73",40,2,5.00
11,"Corner Shop","Crafto Electronics Item 280",40,2,5.00
11,"Corner Shop","Pulse Grocery Item 290",44,2,4.55
11,"Corner Shop","Acme Beauty Item 92",49,2,4.08
11,"Corner Shop","PlayOn Books Item 160",33,1,3.03
11,"Corner Shop","Pulse Sports Item 273",33,1,3.03
11,"Corner Shop","Freshly Grocery Item 156",34,1,2.94
11,"Corner Shop","Luxe Beauty Item 124",35,1,2.86
12,"Outlet 99","Crafto Beauty Item 296",30,10,33.33
12,"Outlet 99","EcoWare Home Item 129",31,9,29.03
12,"Outlet 99","Crafto Sports Item 73",39,8,20.51
12,"Outlet 99","Freshly Fashion Item 89",34,6,17.65
12,"Outlet 99","UrbanX Fashion Item 31",29,5,17.24
12,"Outlet 99","Pulse Books Item 250",32,5,15.63
12,"Outlet 99","Acme Books Item 217",30,4,13.33
12,"Outlet 99","Luxe Beauty Item 140",38,5,13.16
12,"Outlet 99","Freshly Toys Item 261",31,4,12.90
12,"Outlet 99","EcoWare Books Item 68",40,5,12.50
12,"Outlet 99","Crafto Home Item 164",32,4,12.50
12,"Outlet 99","Crafto Beauty Item 241",42,5,11.90
12,"Outlet 99","Nova Electronics Item 82",44,5,11.36
12,"Outlet 99","Nova Electronics Item 221",44,5,11.36
12,"Outlet 99","Pulse Sports Item 148",46,5,10.87
12,"Outlet 99","Pulse Fashion Item 90",29,3,10.34
12,"Outlet 99","Luxe Beauty Item 124",29,3,10.34
12,"Outlet 99","Nova Home Item 94",40,4,10.00
12,"Outlet 99","Crafto Books Item 51",31,3,9.68
12,"Outlet 99","Zenon Electronics Item 103",34,3,8.82
12,"Outlet 99","Zenon Fashion Item 204",34,3,8.82
12,"Outlet 99","Freshly Books Item 253",46,4,8.70
12,"Outlet 99","UrbanX Fashion Item 12",37,3,8.11
12,"Outlet 99","Luxe Beauty Item 11",41,3,7.32
12,"Outlet 99","Freshly Home Item 107",29,2,6.90
12,"Outlet 99","UrbanX Grocery Item 213",29,2,6.90
12,"Outlet 99","Zenon Grocery Item 232",45,3,6.67
12,"Outlet 99","EcoWare Sports Item 168",31,2,6.45
12,"Outlet 99","Nova Electronics Item 178",31,2,6.45
12,"Outlet 99","Acme Toys Item 194",31,2,6.45
12,"Outlet 99","Acme Electronics Item 125",32,2,6.25
12,"Outlet 99","Freshly Grocery Item 248",50,3,6.00
12,"Outlet 99","PlayOn Electronics Item 145",35,2,5.71
12,"Outlet 99","Zenon Sports Item 127",36,2,5.56
12,"Outlet 99","Acme Grocery Item 65",38,2,5.26
12,"Outlet 99","UrbanX Sports Item 75",41,2,4.88
12,"Outlet 99","Pulse Beauty Item 46",44,2,4.55
12,"Outlet 99","Pulse Grocery Item 290",56,2,3.57
