store_id,store_name,product_id,product_name,product_qty_returned,percntg_contribution_to_store_returns
1,"Central Square",52,"Luxe Fashion Item 52",7,3.45
1,"Central Square",49,"Crafto Beauty Item 49",5,2.46
1,"Central Square",12,"UrbanX Fashion Item 12",5,2.46
1,"Central Square",75,"UrbanX Sports Item 75",5,2.46
1,"Central Square",32,"Acme Grocery Item 32",4,1.97
1,"Central Square",219,"Luxe Toys Item 219",4,1.97
1,"Central Square",273,"Pulse Sports Item 273",4,1.97
1,"Central Square",161,"Luxe Fashion Item 161",4,1.97
1,"Central Square",166,"UrbanX Fashion Item 166",4,1.97
1,"Central Square",246,"Crafto Beauty Item 246",4,1.97
1,"Central Square",286,"Crafto Sports Item 286",4,1.97
1,"Central Square",283,"Pulse Fashion Item 283",4,1.97
1,"Central Square",123,"Acme Sports Item 123",4,1.97
1,"Central Square",94,"Nova Home Item 94",4,1.97
1,"Central Square",27,"Crafto Fashion Item 27",4,1.97
1,"Central Square",193,"Acme Grocery Item 193",4,1.97
1,"Central Square",245,"Zenon Home Item 245",3,1.48
1,"Central Square",287,"UrbanX Home Item 287",3,1.48
1,"Central Square",249,"Pulse Beauty Item 249",3,1.48
1,"Central Square",97,"Luxe Toys Item 97",3,1.48
1,"Central Square",127,"Zenon Sports Item 127",3,1.48
1,"Central Square",15,"EcoWare Toys Item 15",3,1.48
1,"Central Square",253,"Freshly Books Item 253",3,1.48
1,"Central Square",222,"Zenon Home Item 222",3,1.48
1,"Central Square",124,"Luxe Beauty Item 124",3,1.48
1,"Central Square",101,"EcoWare Toys Item 101",3,1.48
1,"Central Square",107,"Freshly Home Item 107",3,1.48
1,"Central Square",25,"Nova Electronics Item 25",3,1.48
1,"Central Square",126,"EcoWare Toys Item 126",3,1.48
1,"Central Square",106,"PlayOn Home Item 106",3,1.48
1,"Central Square",41,"UrbanX Toys Item 41",3,1.48
1,"Central Square",179,"Zenon Grocery Item 179",2,0.99
1,"Central Square",266,"PlayOn Grocery Item 266",2,0.99
1,"Central Square",103,"Zenon Electronics Item 103",2,0.99
1,"Central Square",188,"Pulse Toys Item 188",2,0.99
1,"Central Square",191,"Acme Fashion Item 191",2,0.99
1,"Central Square",152,"PlayOn Grocery Item 152",2,0.99
1,"Central Square",45,"Nova Sports Item 45",2,0.99
1,"Central Square",89,"Freshly Fashion Item 89",2,0.99
1,"Central Square",210,"Nova Books Item 210",2,0.99
1,"Central Square",171,"Nova Toys Item 171",2,0.99
1,"Central Square",34,"EcoWare Fashion Item 34",2,0.99
1,"Central Square",172,"Luxe Sports Item 172",2,0.99
1,"Central Square",272,"Zenon Beauty Item 272",2,0.99
1,"Central Square",218,"Freshly Beauty Item 218",2,0.99
1,"Central Square",263,"Nova Beauty Item 263",2,0.99
1,"Central Square",154,"EcoWare Books Item 154",2,0.99
1,"Central Square",48,"Luxe Sports Item 48",2,0.99
1,"Central Square",185,"EcoWare Home Item 185",2,0.99
1,"Central Square",133,"Pulse Home Item 133",2,0.99
1,"Central Square",158,"Luxe Fashion Item 158",2,0.99
1,"Central Square",88,"UrbanX Fashion Item 88",2,0.99
1,"Central Square",42,"Luxe Beauty Item 42",2,0.99
1,"Central Square",164,"Crafto Home Item 164",2,0.99
1,"Central Square",265,"Pulse Home Item 265",2,0.99
1,"Central Square",297,"EcoWare Home Item 297",2,0.99
1,"Central Square",232,"Zenon Grocery Item 232",2,0.99
1,"Central Square",199,"Crafto Beauty Item 199",1,0.49
1,"Central Square",60,"Nova Beauty Item 60",1,0.49
1,"Central Square",136,"Pulse Beauty Item 136",1,0.49
1,"Central Square",165,"Crafto Electronics Item 165",1,0.49
1,"Central Square",81,"Acme Electronics Item 81",1,0.49
1,"Central Square",295,"Crafto Fashion Item 295",1,0.49
1,"Central Square",111,"PlayOn Home Item 111",1,0.49
1,"Central Square",217,"Acme Books Item 217",1,0.49
1,"Central Square",66,"Nova Electronics Item 66",1,0.49
1,"Central Square",14,"Luxe Toys Item 14",1,0.49
1,"Central Square",79,"Freshly Grocery Item 79",1,0.49
1,"Central Square",83,"Pulse Electronics Item 83",1,0.49
1,"Central Square",37,"Pulse Fashion Item 37",1,0.49
1,"Central Square",56,"Zenon Beauty Item 56",1,0.49
1,"Central Square",35,"Luxe Home Item 35",1,0.49
1,"Central Square",230,"Freshly Home Item 230",1,0.49
1,"Central Square",267,"EcoWare Grocery Item 267",1,0.49
1,"Central Square",252,"Freshly Sports Item 252",1,0.49
1,"Central Square",146,"Freshly Home Item 146",1,0.49
1,"Central Square",26,"UrbanX Grocery Item 26",1,0.49
1,"Central Square",10,"Freshly Electronics Item 10",1,0.49
1,"Central Square",71,"Acme Grocery Item 71",1,0.49
1,"Central Square",259,"EcoWare Electronics Item 259",1,0.49
1,"Central Square",43,"UrbanX Home Item 43",1,0.49
1,"Central Square",233,"Luxe Home Item 233",1,0.49
1,"Central Square",277,"Zenon Grocery Item 277",1,0.49
1,"Central Square",149,"EcoWare Books Item 149",1,0.49
1,"Central Square",206,"UrbanX Electronics Item 206",1,0.49
1,"Central Square",174,"EcoWare Books Item 174",1,0.49
1,"Central Square",135,"UrbanX Beauty Item 135",1,0.49
1,"Central Square",110,"PlayOn Toys Item 110",1,0.49
1,"Central Square",187,"Zenon Beauty Item 187",1,0.49
1,"Central Square",104,"Nova Fashion Item 104",1,0.49
1,"Central Square",17,"PlayOn Home Item 17",1,0.49
1,"Central Square",7,"PlayOn Toys Item 7",1,0.49
1,"Central Square",157,"Nova Beauty Item 157",1,0.49
2,"City Mall",89,"Freshly Fashion Item 89",8,3.76
2,"City Mall",141,"Pulse Toys Item 141",6,2.82
2,"City Mall",290,"Pulse Grocery Item 290",6,2.82
2,"City Mall",256,"Freshly Fashion Item 256",6,2.82
2,"City Mall",23,"PlayOn Beauty Item 23",6,2.82
2,"City Mall",180,"Luxe Grocery Item 180",5,2.35
2,"City Mall",7,"PlayOn Toys Item 7",5,2.35
2,"City Mall",93,"PlayOn Beauty Item 93",5,2.35
2,"City Mall",252,"Freshly Sports Item 252",5,2.35
2,"City Mall",178,"Nova Electronics Item 178",5,2.35
2,"City Mall",63,"Crafto Grocery Item 63",5,2.35
2,"City Mall",114,"Zenon Toys Item 114",5,2.35
2,"City Mall",296,"Crafto Beauty Item 296",4,1.88
2,"City Mall",76,"Nova Books Item 76",4,1.88
2,"City Mall",148,"Pulse Sports Item 148",4,1.88
2,"City Mall",61,"EcoWare Books Item 61",4,1.88
2,"City Mall",156,"Freshly Grocery Item 156",4,1.88
2,"City Mall",37,"Pulse Fashion Item 37",4,1.88
2,"City Mall",184,"Pulse Home Item 184",4,1.88
2,"City Mall",108,"Zenon Toys Item 108",4,1.88
2,"City Mall",262,"Acme Electronics Item 262",3,1.41
2,"City Mall",199,"Crafto Beauty Item 199",3,1.41
2,"City Mall",172,"Luxe Sports Item 172",3,1.41
2,"City Mall",272,"Zenon Beauty Item 272",3,1.41
2,"City Mall",271,"Acme Grocery Item 271",3,1.41
2,"City Mall",96,"Luxe Toys Item 96",3,1.41
2,"City Mall",177,"UrbanX Beauty Item 177",3,1.41
2,"City Mall",87,"Nova Electronics Item 87",3,1.41
2,"City Mall",8,"Luxe Home Item 8",3,1.41
2,"City Mall",25,"Nova Electronics Item 25",3,1.41
2,"City Mall",233,"Luxe Home Item 233",3,1.41
2,"City Mall",73,"Crafto Sports Item 73",2,0.94
2,"City Mall",6,"PlayOn Beauty Item 6",2,0.94
2,"City Mall",144,"Crafto Grocery Item 144",2,0.94
2,"City Mall",105,"Acme Toys Item 105",2,0.94
2,"City Mall",274,"Nova Sports Item 274",2,0.94
2,"City Mall",43,"UrbanX Home Item 43",2,0.94
2,"City Mall",291,"Freshly Sports Item 291",2,0.94
2,"City Mall",19,"Crafto Beauty Item 19",2,0.94
2,"City Mall",204,"Zenon Fashion Item 204",2,0.94
2,"City Mall",228,"PlayOn Toys Item 228",2,0.94
2,"City Mall",295,"Crafto Fashion Item 295",2,0.94
2,"City Mall",50,"Pulse Toys Item 50",2,0.94
2,"City Mall",48,"Luxe Sports Item 48",2,0.94
2,"City Mall",99,"UrbanX Sports Item 99",2,0.94
2,"City Mall",9,"EcoWare Grocery Item 9",2,0.94
2,"City Mall",118,"Nova Home Item 118",2,0.94
2,"City Mall",234,"Crafto Beauty Item 234",2,0.94
2,"City Mall",109,"Acme Electronics Item 109",2,0.94
2,"City Mall",131,"Crafto Electronics Item 131",2,0.94
2,"City Mall",280,"Crafto Electronics Item 280",2,0.94
2,"City Mall",127,"Zenon Sports Item 127",2,0.94
2,"City Mall",210,"Nova Books Item 210",2,0.94
2,"City Mall",281,"Acme Grocery Item 281",2,0.94
2,"City Mall",244,"Freshly Grocery Item 244",1,0.47
2,"City Mall",190,"Pulse Toys Item 190",1,0.47
2,"City Mall",163,"Crafto Toys Item 163",1,0.47
2,"City Mall",300,"Zenon Toys Item 300",1,0.47
2,"City Mall",224,"Acme Beauty Item 224",1,0.47
2,"City Mall",10,"Freshly Electronics Item 10",1,0.47
2,"City Mall",146,"Freshly Home Item 146",1,0.47
2,"City Mall",195,"PlayOn Home Item 195",1,0.47
2,"City Mall",160,"PlayOn Books Item 160",1,0.47
2,"City Mall",258,"Zenon Toys Item 258",1,0.47
2,"City Mall",90,"Pulse Fashion Item 90",1,0.47
2,"City Mall",167,"Pulse Books Item 167",1,0.47
2,"City Mall",268,"Freshly Home Item 268",1,0.47
2,"City Mall",242,"Nova Toys Item 242",1,0.47
2,"City Mall",171,"Nova Toys Item 171",1,0.47
2,"City Mall",192,"Luxe Sports Item 192",1,0.47
2,"City Mall",205,"Freshly Fashion Item 205",1,0.47
2,"City Mall",142,"Nova Home Item 142",1,0.47
2,"City Mall",91,"Acme Home Item 91",1,0.47
2,"City Mall",41,"UrbanX Toys Item 41",1,0.47
2,"City Mall",72,"Acme Electronics Item 72",1,0.47
2,"City Mall",33,"Nova Electronics Item 33",1,0.47
2,"City Mall",267,"EcoWare Grocery Item 267",1,0.47
2,"City Mall",249,"Pulse Beauty Item 249",1,0.47
2,"City Mall",95,"Crafto Electronics Item 95",1,0.47
2,"City Mall",186,"UrbanX Sports Item 186",1,0.47
2,"City Mall",98,"Crafto Beauty Item 98",1,0.47
2,"City Mall",196,"Nova Electronics Item 196",1,0.47
2,"City Mall",67,"Luxe Fashion Item 67",1,0.47
2,"City Mall",97,"Luxe Toys Item 97",1,0.47
2,"City Mall",46,"Pulse Beauty Item 46",1,0.47
2,"City Mall",251,"Freshly Books Item 251",1,0.47
2,"City Mall",265,"Pulse Home Item 265",1,0.47
2,"City Mall",54,"EcoWare Electronics Item 54",1,0.47
2,"City Mall",176,"Pulse Fashion Item 176",1,0.47
3,"Grand Bazaar",56,"Zenon Beauty Item 56",8,3.33
3,"Grand Bazaar",94,"Nova Home Item 94",5,2.08
3,"Grand Bazaar",19,"Crafto Beauty Item 19",5,2.08
3,"Grand Bazaar",27,"Crafto Fashion Item 27",5,2.08
3,"Grand Bazaar",34,"EcoWare Fashion Item 34",5,2.08
3,"Grand Bazaar",184,"Pulse Home Item 184",5,2.08
3,"Grand Bazaar",172,"Luxe Sports Item 172",5,2.08
3,"Grand Bazaar",3,"UrbanX Sports Item 3",4,1.67
3,"Grand Bazaar",183,"Nova Sports Item 183",4,1.67
3,"Grand Bazaar",238,"Nova Books Item 238",4,1.67
3,"Grand Bazaar",294,"Nova Electronics Item 294",4,1.67
3,"Grand Bazaar",47,"Luxe Sports Item 47",4,1.67
3,"Grand Bazaar",176,"Pulse Fashion Item 176",4,1.67
3,"Grand Bazaar",198,"Nova Fashion Item 198",4,1.67
3,"Grand Bazaar",58,"EcoWare Electronics Item 58",4,1.67
3,"Grand Bazaar",107,"Freshly Home Item 107",4,1.67
3,"Grand Bazaar",168,"EcoWare Sports Item 168",4,1.67
3,"Grand Bazaar",272,"Zenon Beauty Item 272",4,1.67
3,"Grand Bazaar",95,"Crafto Electronics Item 95",3,1.25
3,"Grand Bazaar",36,"Pulse Grocery Item 36",3,1.25
3,"Grand Bazaar",220,"Acme Fashion Item 220",3,1.25
3,"Grand Bazaar",271,"Acme Grocery Item 271",3,1.25
3,"Grand Bazaar",112,"Zenon Toys Item 112",3,1.25
3,"Grand Bazaar",258,"Zenon Toys Item 258",3,1.25
3,"Grand Bazaar",85,"Pulse Grocery Item 85",3,1.25
3,"Grand Bazaar",14,"Luxe Toys Item 14",3,1.25
3,"Grand Bazaar",244,"Freshly Grocery Item 244",3,1.25
3,"Grand Bazaar",103,"Zenon Electronics Item 103",3,1.25
3,"Grand Bazaar",1,"PlayOn Toys Item 1",3,1.25
3,"Grand Bazaar",193,"Acme Grocery Item 193",3,1.25
3,"Grand Bazaar",91,"Acme Home Item 91",3,1.25
3,"Grand Bazaar",21,"Luxe Books Item 21",3,1.25
3,"Grand Bazaar",228,"PlayOn Toys Item 228",3,1.25
3,"Grand Bazaar",139,"Crafto Sports Item 139",3,1.25
3,"Grand Bazaar",121,"Pulse Fashion Item 121",3,1.25
3,"Grand Bazaar",20,"PlayOn Grocery Item 20",3,1.25
3,"Grand Bazaar",293,"Acme Fashion Item 293",3,1.25
3,"Grand Bazaar",230,"Freshly Home Item 230",3,1.25
3,"Grand Bazaar",114,"Zenon Toys Item 114",3,1.25
3,"Grand Bazaar",248,"Freshly Grocery Item 248",3,1.25
3,"Grand Bazaar",186,"UrbanX Sports Item 186",3,1.25
3,"Grand Bazaar",145,"PlayOn Electronics Item 145",3,1.25
3,"Grand Bazaar",83,"Pulse Electronics Item 83",2,0.83
3,"Grand Bazaar",99,"UrbanX Sports Item 99",2,0.83
3,"Grand Bazaar",65,"Acme Grocery Item 65",2,0.83
3,"Grand Bazaar",237,"UrbanX Toys Item 237",2,0.83
3,"Grand Bazaar",286,"Crafto Sports Item 286",2,0.83
3,"Grand Bazaar",239,"Acme Beauty Item 239",2,0.83
3,"Grand Bazaar",295,"Crafto Fashion Item 295",2,0.83
3,"Grand Bazaar",242,"Nova Toys Item 242",2,0.83
3,"Grand Bazaar",300,"Zenon Toys Item 300",2,0.83
3,"Grand Bazaar",8,"Luxe Home Item 8",2,0.83
3,"Grand Bazaar",210,"Nova Books Item 210",2,0.83
3,"Grand Bazaar",181,"Zenon Electronics Item 181",2,0.83
3,"Grand Bazaar",57,"PlayOn Electronics Item 57",2,0.83
3,"Grand Bazaar",194,"Acme Toys Item 194",2,0.83
3,"Grand Bazaar",251,"Freshly Books Item 251",2,0.83
3,"Grand Bazaar",9,"EcoWare Grocery Item 9",2,0.83
3,"Grand Bazaar",92,"Acme Beauty Item 92",2,0.83
3,"Grand Bazaar",169,"Acme Electronics Item 169",2,0.83
3,"Grand Bazaar",148,"Pulse Sports Item 148",2,0.83
3,"Grand Bazaar",152,"PlayOn Grocery Item 152",2,0.83
3,"Grand Bazaar",144,"Crafto Grocery Item 144",2,0.83
3,"Grand Bazaar",132,"Nova Books Item 132",2,0.83
3,"Grand Bazaar",62,"Acme Fashion Item 62",2,0.83
3,"Grand Bazaar",161,"Luxe Fashion Item 161",1,0.42
3,"Grand Bazaar",290,"Pulse Grocery Item 290",1,0.42
3,"Grand Bazaar",214,"Luxe Electronics Item 214",1,0.42
3,"Grand Bazaar",165,"Crafto Electronics Item 165",1,0.42
3,"Grand Bazaar",191,"Acme Fashion Item 191",1,0.42
3,"Grand Bazaar",105,"Acme Toys Item 105",1,0.42
3,"Grand Bazaar",236,"UrbanX Toys Item 236",1,0.42
3,"Grand Bazaar",297,"EcoWare Home Item 297",1,0.42
3,"Grand Bazaar",223,"Freshly Beauty Item 223",1,0.42
3,"Grand Bazaar",240,"Luxe Sports Item 240",1,0.42
3,"Grand Bazaar",201,"Zenon Sports Item 201",1,0.42
3,"Grand Bazaar",89,"Freshly Fashion Item 89",1,0.42
3,"Grand Bazaar",97,"Luxe Toys Item 97",1,0.42
3,"Grand Bazaar",281,"Acme Grocery Item 281",1,0.42
3,"Grand Bazaar",284,"Acme Sports Item 284",1,0.42
3,"Grand Bazaar",22,"Crafto Grocery Item 22",1,0.42
3,"Grand Bazaar",270,"Pulse Beauty Item 270",1,0.42
3,"Grand Bazaar",153,"Luxe Books Item 153",1,0.42
3,"Grand Bazaar",221,"Nova Electronics Item 221",1,0.42
3,"Grand Bazaar",76,"Nova Books Item 76",1,0.42
3,"Grand Bazaar",53,"UrbanX Books Item 53",1,0.42
3,"Grand Bazaar",140,"Luxe Beauty Item 140",1,0.42
3,"Grand Bazaar",66,"Nova Electronics Item 66",1,0.42
3,"Grand Bazaar",196,"Nova Electronics Item 196",1,0.42
3,"Grand Bazaar",71,"Acme Grocery Item 71",1,0.42
3,"Grand Bazaar",235,"EcoWare Books Item 235",1,0.42
3,"Grand Bazaar",30,"Zenon Fashion Item 30",1,0.42
3,"Grand Bazaar",72,"Acme Electronics Item 72",1,0.42
3,"Grand Bazaar",243,"Freshly Fashion Item 243",1,0.42
3,"Grand Bazaar",129,"EcoWare Home Item 129",1,0.42
3,"Grand Bazaar",87,"Nova Electronics Item 87",1,0.42
3,"Grand Bazaar",199,"Crafto Beauty Item 199",1,0.42
3,"Grand Bazaar",61,"EcoWare Books Item 61",1,0.42
3,"Grand Bazaar",155,"Luxe Books Item 155",1,0.42
3,"Grand Bazaar",5,"Freshly Beauty Item 5",1,0.42
3,"Grand Bazaar",192,"Luxe Sports Item 192",1,0.42
3,"Grand Bazaar",179,"Zenon Grocery Item 179",1,0.42
3,"Grand Bazaar",80,"Acme Electronics Item 80",1,0.42
3,"Grand Bazaar",143,"Zenon Beauty Item 143",1,0.42
3,"Grand Bazaar",252,"Freshly Sports Item 252",1,0.42
4,"Tech Hub",35,"Luxe Home Item 35",7,2.81
4,"Tech Hub",291,"Freshly Sports Item 291",6,2.41
4,"Tech Hub",110,"PlayOn Toys Item 110",6,2.41
4,"Tech Hub",232,"Zenon Grocery Item 232",5,2.01
4,"Tech Hub",292,"Acme Sports Item 292",5,2.01
4,"Tech Hub",184,"Pulse Home Item 184",5,2.01
4,"Tech Hub",64,"Nova Electronics Item 64",5,2.01
4,"Tech Hub",105,"Acme Toys Item 105",5,2.01
4,"Tech Hub",285,"Pulse Home Item 285",5,2.01
4,"Tech Hub",255,"Zenon Fashion Item 255",5,2.01
4,"Tech Hub",225,"UrbanX Fashion Item 225",4,1.61
4,"Tech Hub",287,"UrbanX Home Item 287",4,1.61
4,"Tech Hub",201,"Zenon Sports Item 201",4,1.61
4,"Tech Hub",28,"PlayOn Fashion Item 28",4,1.61
4,"Tech Hub",49,"Crafto Beauty Item 49",4,1.61
4,"Tech Hub",151,"Acme Sports Item 151",4,1.61
4,"Tech Hub",256,"Freshly Fashion Item 256",4,1.61
4,"Tech Hub",25,"Nova Electronics Item 25",4,1.61
4,"Tech Hub",30,"Zenon Fashion Item 30",4,1.61
4,"Tech Hub",290,"Pulse Grocery Item 290",4,1.61
4,"Tech Hub",13,"Freshly Electronics Item 13",4,1.61
4,"Tech Hub",50,"Pulse Toys Item 50",3,1.20
4,"Tech Hub",51,"Crafto Books Item 51",3,1.20
4,"Tech Hub",81,"Acme Electronics Item 81",3,1.20
4,"Tech Hub",257,"Nova Books Item 257",3,1.20
4,"Tech Hub",275,"PlayOn Beauty Item 275",3,1.20
4,"Tech Hub",240,"Luxe Sports Item 240",3,1.20
4,"Tech Hub",236,"UrbanX Toys Item 236",3,1.20
4,"Tech Hub",246,"Crafto Beauty Item 246",3,1.20
4,"Tech Hub",193,"Acme Grocery Item 193",3,1.20
4,"Tech Hub",99,"UrbanX Sports Item 99",3,1.20
4,"Tech Hub",77,"Pulse Home Item 77",3,1.20
4,"Tech Hub",273,"Pulse Sports Item 273",3,1.20
4,"Tech Hub",295,"Crafto Fashion Item 295",3,1.20
4,"Tech Hub",226,"Zenon Fashion Item 226",3,1.20
4,"Tech Hub",220,"Acme Fashion Item 220",3,1.20
4,"Tech Hub",129,"EcoWare Home Item 129",3,1.20
4,"Tech Hub",134,"Luxe Electronics Item 134",3,1.20
4,"Tech Hub",270,"Pulse Beauty Item 270",3,1.20
4,"Tech Hub",68,"EcoWare Books Item 68",3,1.20
4,"Tech Hub",200,"Luxe Sports Item 200",3,1.20
4,"Tech Hub",252,"Freshly Sports Item 252",3,1.20
4,"Tech Hub",86,"Luxe Fashion Item 86",2,0.80
4,"Tech Hub",266,"PlayOn Grocery Item 266",2,0.80
4,"Tech Hub",65,"Acme Grocery Item 65",2,0.80
4,"Tech Hub",242,"Nova Toys Item 242",2,0.80
4,"Tech Hub",158,"Luxe Fashion Item 158",2,0.80
4,"Tech Hub",73,"Crafto Sports Item 73",2,0.80
4,"Tech Hub",71,"Acme Grocery Item 71",2,0.80
4,"Tech Hub",177,"UrbanX Beauty Item 177",2,0.80
4,"Tech Hub",4,"PlayOn Beauty Item 4",2,0.80
4,"Tech Hub",194,"Acme Toys Item 194",2,0.80
4,"Tech Hub",72,"Acme Electronics Item 72",2,0.80
4,"Tech Hub",155,"Luxe Books Item 155",2,0.80
4,"Tech Hub",203,"PlayOn Grocery Item 203",2,0.80
4,"Tech Hub",67,"Luxe Fashion Item 67",2,0.80
4,"Tech Hub",185,"EcoWare Home Item 185",2,0.80
4,"Tech Hub",258,"Zenon Toys Item 258",2,0.80
4,"Tech Hub",229,"Freshly Sports Item 229",2,0.80
4,"Tech Hub",163,"Crafto Toys Item 163",2,0.80
4,"Tech Hub",294,"Nova Electronics Item 294",2,0.80
4,"Tech Hub",95,"Crafto Electronics Item 95",2,0.80
4,"Tech Hub",244,"Freshly Grocery Item 244",2,0.80
4,"Tech Hub",280,"Crafto Electronics Item 280",2,0.80
4,"Tech Hub",83,"Pulse Electronics Item 83",2,0.80
4,"Tech Hub",156,"Freshly Grocery Item 156",2,0.80
4,"Tech Hub",62,"Acme Fashion Item 62",2,0.80
4,"Tech Hub",93,"PlayOn Beauty Item 93",1,0.40
4,"Tech Hub",23,"PlayOn Beauty Item 23",1,0.40
4,"Tech Hub",264,"Zenon Electronics Item 264",1,0.40
4,"Tech Hub",160,"PlayOn Books Item 160",1,0.40
4,"Tech Hub",276,"Acme Electronics Item 276",1,0.40
4,"Tech Hub",106,"PlayOn Home Item 106",1,0.40
4,"Tech Hub",296,"Crafto Beauty Item 296",1,0.40
4,"Tech Hub",189,"Pulse Grocery Item 189",1,0.40
4,"Tech Hub",175,"Acme Fashion Item 175",1,0.40
4,"Tech Hub",119,"Acme Sports Item 119",1,0.40
4,"Tech Hub",187,"Zenon Beauty Item 187",1,0.40
4,"Tech Hub",145,"PlayOn Electronics Item 145",1,0.40
4,"Tech Hub",84,"Pulse Fashion Item 84",1,0.40
4,"Tech Hub",202,"Nova Electronics Item 202",1,0.40
4,"Tech Hub",48,"Luxe Sports Item 48",1,0.40
4,"Tech Hub",170,"Zenon Grocery Item 170",1,0.40
4,"Tech Hub",283,"Pulse Fashion Item 283",1,0.40
4,"Tech Hub",239,"Acme Beauty Item 239",1,0.40
4,"Tech Hub",191,"Acme Fashion Item 191",1,0.40
4,"Tech Hub",34,"EcoWare Fashion Item 34",1,0.40
4,"Tech Hub",17,"PlayOn Home Item 17",1,0.40
4,"Tech Hub",146,"Freshly Home Item 146",1,0.40
4,"Tech Hub",274,"Nova Sports Item 274",1,0.40
4,"Tech Hub",222,"Zenon Home Item 222",1,0.40
4,"Tech Hub",218,"Freshly Beauty Item 218",1,0.40
4,"Tech Hub",216,"Freshly Home Item 216",1,0.40
4,"Tech Hub",22,"Crafto Grocery Item 22",1,0.40
4,"Tech Hub",14,"Luxe Toys Item 14",1,0.40
4,"Tech Hub",80,"Acme Electronics Item 80",1,0.40
4,"Tech Hub",15,"EcoWare Toys Item 15",1,0.40
4,"Tech Hub",90,"Pulse Fashion Item 90",1,0.40
4,"Tech Hub",44,"EcoWare Fashion Item 44",1,0.40
4,"Tech Hub",36,"Pulse Grocery Item 36",1,0.40
4,"Tech Hub",238,"Nova Books Item 238",1,0.40
4,"Tech Hub",157,"Nova Beauty Item 157",1,0.40
4,"Tech Hub",248,"Freshly Grocery Item 248",1,0.40
4,"Tech Hub",112,"Zenon Toys Item 112",1,0.40
4,"Tech Hub",262,"Acme Electronics Item 262",1,0.40
5,"Fashion Point",264,"Zenon Electronics Item 264",9,3.69
5,"Fashion Point",123,"Acme Sports Item 123",9,3.69
5,"Fashion Point",143,"Zenon Beauty Item 143",9,3.69
5,"Fashion Point",226,"Zenon Fashion Item 226",8,3.28
5,"Fashion Point",178,"Nova Electronics Item 178",8,3.28
5,"Fashion Point",121,"Pulse Fashion Item 121",6,2.46
5,"Fashion Point",216,"Freshly Home Item 216",6,2.46
5,"Fashion Point",146,"Freshly Home Item 146",6,2.46
5,"Fashion Point",271,"Acme Grocery Item 271",6,2.46
5,"Fashion Point",102,"Nova Toys Item 102",5,2.05
5,"Fashion Point",177,"UrbanX Beauty Item 177",5,2.05
5,"Fashion Point",116,"Zenon Fashion Item 116",5,2.05
5,"Fashion Point",173,"UrbanX Fashion Item 173",4,1.64
5,"Fashion Point",5,"Freshly Beauty Item 5",4,1.64
5,"Fashion Point",257,"Nova Books Item 257",4,1.64
5,"Fashion Point",52,"Luxe Fashion Item 52",4,1.64
5,"Fashion Point",154,"EcoWare Books Item 154",4,1.64
5,"Fashion Point",42,"Luxe Beauty Item 42",4,1.64
5,"Fashion Point",287,"UrbanX Home Item 287",4,1.64
5,"Fashion Point",258,"Zenon Toys Item 258",4,1.64
5,"Fashion Point",26,"UrbanX Grocery Item 26",3,1.23
5,"Fashion Point",111,"PlayOn Home Item 111",3,1.23
5,"Fashion Point",237,"UrbanX Toys Item 237",3,1.23
5,"Fashion Point",48,"Luxe Sports Item 48",3,1.23
5,"Fashion Point",4,"PlayOn Beauty Item 4",3,1.23
5,"Fashion Point",204,"Zenon Fashion Item 204",3,1.23
5,"Fashion Point",107,"Freshly Home Item 107",3,1.23
5,"Fashion Point",172,"Luxe Sports Item 172",3,1.23
5,"Fashion Point",141,"Pulse Toys Item 141",3,1.23
5,"Fashion Point",73,"Crafto Sports Item 73",3,1.23
5,"Fashion Point",29,"Acme Books Item 29",3,1.23
5,"Fashion Point",148,"Pulse Sports Item 148",3,1.23
5,"Fashion Point",136,"Pulse Beauty Item 136",3,1.23
5,"Fashion Point",175,"Acme Fashion Item 175",3,1.23
5,"Fashion Point",217,"Acme Books Item 217",3,1.23
5,"Fashion Point",168,"EcoWare Sports Item 168",2,0.82
5,"Fashion Point",285,"Pulse Home Item 285",2,0.82
5,"Fashion Point",267,"EcoWare Grocery Item 267",2,0.82
5,"Fashion Point",122,"Zenon Grocery Item 122",2,0.82
5,"Fashion Point",49,"Crafto Beauty Item 49",2,0.82
5,"Fashion Point",81,"Acme Electronics Item 81",2,0.82
5,"Fashion Point",268,"Freshly Home Item 268",2,0.82
5,"Fashion Point",259,"EcoWare Electronics Item 259",2,0.82
5,"Fashion Point",41,"UrbanX Toys Item 41",2,0.82
5,"Fashion Point",276,"Acme Electronics Item 276",2,0.82
5,"Fashion Point",199,"Crafto Beauty Item 199",2,0.82
5,"Fashion Point",260,"Crafto Sports Item 260",2,0.82
5,"Fashion Point",270,"Pulse Beauty Item 270",2,0.82
5,"Fashion Point",78,"PlayOn Fashion Item 78",2,0.82
5,"Fashion Point",153,"Luxe Books Item 153",2,0.82
5,"Fashion Point",166,"UrbanX Fashion Item 166",2,0.82
5,"Fashion Point",108,"Zenon Toys Item 108",2,0.82
5,"Fashion Point",193,"Acme Grocery Item 193",2,0.82
5,"Fashion Point",95,"Crafto Electronics Item 95",2,0.82
5,"Fashion Point",1,"PlayOn Toys Item 1",2,0.82
5,"Fashion Point",281,"Acme Grocery Item 281",2,0.82
5,"Fashion Point",203,"PlayOn Grocery Item 203",2,0.82
5,"Fashion Point",256,"Freshly Fashion Item 256",2,0.82
5,"Fashion Point",93,"PlayOn Beauty Item 93",2,0.82
5,"Fashion Point",28,"PlayOn Fashion Item 28",2,0.82
5,"Fashion Point",233,"Luxe Home Item 233",1,0.41
5,"Fashion Point",220,"Acme Fashion Item 220",1,0.41
5,"Fashion Point",140,"Luxe Beauty Item 140",1,0.41
5,"Fashion Point",118,"Nova Home Item 118",1,0.41
5,"Fashion Point",240,"Luxe Sports Item 240",1,0.41
5,"Fashion Point",62,"Acme Fashion Item 62",1,0.41
5,"Fashion Point",47,"Luxe Sports Item 47",1,0.41
5,"Fashion Point",75,"UrbanX Sports Item 75",1,0.41
5,"Fashion Point",135,"UrbanX Beauty Item 135",1,0.41
5,"Fashion Point",60,"Nova Beauty Item 60",1,0.41
5,"Fashion Point",151,"Acme Sports Item 151",1,0.41
5,"Fashion Point",273,"Pulse Sports Item 273",1,0.41
5,"Fashion Point",76,"Nova Books Item 76",1,0.41
5,"Fashion Point",207,"Pulse Toys Item 207",1,0.41
5,"Fashion Point",182,"Crafto Home Item 182",1,0.41
5,"Fashion Point",3,"UrbanX Sports Item 3",1,0.41
5,"Fashion Point",37,"Pulse Fashion Item 37",1,0.41
5,"Fashion Point",65,"Acme Grocery Item 65",1,0.41
5,"Fashion Point",9,"EcoWare Grocery Item 9",1,0.41
5,"Fashion Point",249,"Pulse Beauty Item 249",1,0.41
5,"Fashion Point",64,"Nova Electronics Item 64",1,0.41
5,"Fashion Point",80,"Acme Electronics Item 80",1,0.41
5,"Fashion Point",67,"Luxe Fashion Item 67",1,0.41
5,"Fashion Point",38,"Acme Grocery Item 38",1,0.41
5,"Fashion Point",184,"Pulse Home Item 184",1,0.41
5,"Fashion Point",208,"UrbanX Books Item 208",1,0.41
5,"Fashion Point",300,"Zenon Toys Item 300",1,0.41
5,"Fashion Point",44,"EcoWare Fashion Item 44",1,0.41
5,"Fashion Point",254,"Crafto Beauty Item 254",1,0.41
5,"Fashion Point",11,"Luxe Beauty Item 11",1,0.41
5,"Fashion Point",242,"Nova Toys Item 242",1,0.41
5,"Fashion Point",72,"Acme Electronics Item 72",1,0.41
5,"Fashion Point",58,"EcoWare Electronics Item 58",1,0.41
5,"Fashion Point",63,"Crafto Grocery Item 63",1,0.41
5,"Fashion Point",179,"Zenon Grocery Item 179",1,0.41
6,"Metro Mart",59,"Pulse Home Item 59",9,3.81
6,"Metro Mart",219,"Luxe Toys Item 219",6,2.54
6,"Metro Mart",28,"PlayOn Fashion Item 28",6,2.54
6,"Metro Mart",171,"Nova Toys Item 171",6,2.54
6,"Metro Mart",206,"UrbanX Electronics Item 206",5,2.12
6,"Metro Mart",245,"Zenon Home Item 245",5,2.12
6,"Metro Mart",148,"Pulse Sports Item 148",5,2.12
6,"Metro Mart",114,"Zenon Toys Item 114",5,2.12
6,"Metro Mart",34,"EcoWare Fashion Item 34",5,2.12
6,"Metro Mart",156,"Freshly Grocery Item 156",5,2.12
6,"Metro Mart",24,"EcoWare Grocery Item 24",5,2.12
6,"Metro Mart",160,"PlayOn Books Item 160",4,1.69
6,"Metro Mart",32,"Acme Grocery Item 32",4,1.69
6,"Metro Mart",29,"Acme Books Item 29",4,1.69
6,"Metro Mart",8,"Luxe Home Item 8",4,1.69
6,"Metro Mart",62,"Acme Fashion Item 62",4,1.69
6,"Metro Mart",260,"Crafto Sports Item 260",4,1.69
6,"Metro Mart",282,"UrbanX Books Item 282",4,1.69
6,"Metro Mart",221,"Nova Electronics Item 221",4,1.69
6,"Metro Mart",123,"Acme Sports Item 123",4,1.69
6,"Metro Mart",118,"Nova Home Item 118",4,1.69
6,"Metro Mart",73,"Crafto Sports Item 73",4,1.69
6,"Metro Mart",298,"UrbanX Books Item 298",4,1.69
6,"Metro Mart",258,"Zenon Toys Item 258",3,1.27
6,"Metro Mart",101,"EcoWare Toys Item 101",3,1.27
6,"Metro Mart",26,"UrbanX Grocery Item 26",3,1.27
6,"Metro Mart",135,"UrbanX Beauty Item 135",3,1.27
6,"Metro Mart",140,"Luxe Beauty Item 140",3,1.27
6,"Metro Mart",46,"Pulse Beauty Item 46",3,1.27
6,"Metro Mart",165,"Crafto Electronics Item 165",3,1.27
6,"Metro Mart",122,"Zenon Grocery Item 122",3,1.27
6,"Metro Mart",131,"Crafto Electronics Item 131",3,1.27
6,"Metro Mart",15,"EcoWare Toys Item 15",3,1.27
6,"Metro Mart",276,"Acme Electronics Item 276",3,1.27
6,"Metro Mart",144,"Crafto Grocery Item 144",3,1.27
6,"Metro Mart",203,"PlayOn Grocery Item 203",3,1.27
6,"Metro Mart",86,"Luxe Fashion Item 86",3,1.27
6,"Metro Mart",283,"Pulse Fashion Item 283",3,1.27
6,"Metro Mart",182,"Crafto Home Item 182",3,1.27
6,"Metro Mart",87,"Nova Electronics Item 87",3,1.27
6,"Metro Mart",43,"UrbanX Home Item 43",3,1.27
6,"Metro Mart",240,"Luxe Sports Item 240",3,1.27
6,"Metro Mart",272,"Zenon Beauty Item 272",3,1.27
6,"Metro Mart",142,"Nova Home Item 142",3,1.27
6,"Metro Mart",136,"Pulse Beauty Item 136",2,0.85
6,"Metro Mart",70,"Zenon Sports Item 70",2,0.85
6,"Metro Mart",75,"UrbanX Sports Item 75",2,0.85
6,"Metro Mart",111,"PlayOn Home Item 111",2,0.85
6,"Metro Mart",56,"Zenon Beauty Item 56",2,0.85
6,"Metro Mart",12,"UrbanX Fashion Item 12",2,0.85
6,"Metro Mart",109,"Acme Electronics Item 109",2,0.85
6,"Metro Mart",209,"Acme Sports Item 209",2,0.85
6,"Metro Mart",170,"Zenon Grocery Item 170",2,0.85
6,"Metro Mart",256,"Freshly Fashion Item 256",2,0.85
6,"Metro Mart",225,"UrbanX Fashion Item 225",2,0.85
6,"Metro Mart",39,"PlayOn Home Item 39",2,0.85
6,"Metro Mart",50,"Pulse Toys Item 50",2,0.85
6,"Metro Mart",153,"Luxe Books Item 153",2,0.85
6,"Metro Mart",274,"Nova Sports Item 274",2,0.85
6,"Metro Mart",242,"Nova Toys Item 242",1,0.42
6,"Metro Mart",205,"Freshly Fashion Item 205",1,0.42
6,"Metro Mart",278,"Zenon Electronics Item 278",1,0.42
6,"Metro Mart",130,"Freshly Fashion Item 130",1,0.42
6,"Metro Mart",36,"Pulse Grocery Item 36",1,0.42
6,"Metro Mart",190,"Pulse Toys Item 190",1,0.42
6,"Metro Mart",280,"Crafto Electronics Item 280",1,0.42
6,"Metro Mart",193,"Acme Grocery Item 193",1,0.42
6,"Metro Mart",63,"Crafto Grocery Item 63",1,0.42
6,"Metro Mart",250,"Pulse Books Item 250",1,0.42
6,"Metro Mart",252,"Freshly Sports Item 252",1,0.42
6,"Metro Mart",269,"PlayOn Grocery Item 269",1,0.42
6,"Metro Mart",293,"Acme Fashion Item 293",1,0.42
6,"Metro Mart",157,"Nova Beauty Item 157",1,0.42
6,"Metro Mart",227,"Luxe Toys Item 227",1,0.42
6,"Metro Mart",232,"Zenon Grocery Item 232",1,0.42
6,"Metro Mart",60,"Nova Beauty Item 60",1,0.42
6,"Metro Mart",270,"Pulse Beauty Item 270",1,0.42
6,"Metro Mart",164,"Crafto Home Item 164",1,0.42
6,"Metro Mart",295,"Crafto Fashion Item 295",1,0.42
6,"Metro Mart",66,"Nova Electronics Item 66",1,0.42
6,"Metro Mart",177,"UrbanX Beauty Item 177",1,0.42
6,"Metro Mart",104,"Nova Fashion Item 104",1,0.42
6,"Metro Mart",77,"Pulse Home Item 77",1,0.42
6,"Metro Mart",173,"UrbanX Fashion Item 173",1,0.42
6,"Metro Mart",21,"Luxe Books Item 21",1,0.42
6,"Metro Mart",294,"Nova Electronics Item 294",1,0.42
6,"Metro Mart",183,"Nova Sports Item 183",1,0.42
6,"Metro Mart",94,"Nova Home Item 94",1,0.42
6,"Metro Mart",201,"Zenon Sports Item 201",1,0.42
6,"Metro Mart",224,"Acme Beauty Item 224",1,0.42
6,"Metro Mart",18,"Nova Books Item 18",1,0.42
6,"Metro Mart",151,"Acme Sports Item 151",1,0.42
7,"Value Store",211,"Pulse Home Item 211",10,3.65
7,"Value Store",125,"Acme Electronics Item 125",7,2.55
7,"Value Store",164,"Crafto Home Item 164",6,2.19
7,"Value Store",254,"Crafto Beauty Item 254",6,2.19
7,"Value Store",264,"Zenon Electronics Item 264",6,2.19
7,"Value Store",179,"Zenon Grocery Item 179",5,1.82
7,"Value Store",206,"UrbanX Electronics Item 206",5,1.82
7,"Value Store",28,"PlayOn Fashion Item 28",5,1.82
7,"Value Store",180,"Luxe Grocery Item 180",5,1.82
7,"Value Store",236,"UrbanX Toys Item 236",5,1.82
7,"Value Store",74,"Acme Home Item 74",5,1.82
7,"Value Store",275,"PlayOn Beauty Item 275",5,1.82
7,"Value Store",119,"Acme Sports Item 119",5,1.82
7,"Value Store",46,"Pulse Beauty Item 46",5,1.82
7,"Value Store",235,"EcoWare Books Item 235",4,1.46
7,"Value Store",258,"Zenon Toys Item 258",4,1.46
7,"Value Store",181,"Zenon Electronics Item 181",4,1.46
7,"Value Store",168,"EcoWare Sports Item 168",4,1.46
7,"Value Store",208,"UrbanX Books Item 208",4,1.46
7,"Value Store",175,"Acme Fashion Item 175",4,1.46
7,"Value Store",71,"Acme Grocery Item 71",4,1.46
7,"Value Store",249,"Pulse Beauty Item 249",4,1.46
7,"Value Store",162,"EcoWare Books Item 162",4,1.46
7,"Value Store",171,"Nova Toys Item 171",4,1.46
7,"Value Store",113,"Acme Books Item 113",4,1.46
7,"Value Store",251,"Freshly Books Item 251",4,1.46
7,"Value Store",103,"Zenon Electronics Item 103",3,1.09
7,"Value Store",50,"Pulse Toys Item 50",3,1.09
7,"Value Store",289,"Pulse Grocery Item 289",3,1.09
7,"Value Store",189,"Pulse Grocery Item 189",3,1.09
7,"Value Store",34,"EcoWare Fashion Item 34",3,1.09
7,"Value Store",167,"Pulse Books Item 167",3,1.09
7,"Value Store",68,"EcoWare Books Item 68",3,1.09
7,"Value Store",147,"Nova Books Item 147",3,1.09
7,"Value Store",193,"Acme Grocery Item 193",3,1.09
7,"Value Store",273,"Pulse Sports Item 273",3,1.09
7,"Value Store",237,"UrbanX Toys Item 237",3,1.09
7,"Value Store",178,"Nova Electronics Item 178",3,1.09
7,"Value Store",186,"UrbanX Sports Item 186",3,1.09
7,"Value Store",92,"Acme Beauty Item 92",3,1.09
7,"Value Store",4,"PlayOn Beauty Item 4",3,1.09
7,"Value Store",135,"UrbanX Beauty Item 135",2,0.73
7,"Value Store",21,"Luxe Books Item 21",2,0.73
7,"Value Store",262,"Acme Electronics Item 262",2,0.73
7,"Value Store",82,"Nova Electronics Item 82",2,0.73
7,"Value Store",246,"Crafto Beauty Item 246",2,0.73
7,"Value Store",20,"PlayOn Grocery Item 20",2,0.73
7,"Value Store",70,"Zenon Sports Item 70",2,0.73
7,"Value Store",129,"EcoWare Home Item 129",2,0.73
7,"Value Store",73,"Crafto Sports Item 73",2,0.73
7,"Value Store",23,"PlayOn Beauty Item 23",2,0.73
7,"Value Store",112,"Zenon Toys Item 112",2,0.73
7,"Value Store",35,"Luxe Home Item 35",2,0.73
7,"Value Store",271,"Acme Grocery Item 271",2,0.73
7,"Value Store",229,"Freshly Sports Item 229",2,0.73
7,"Value Store",5,"Freshly Beauty Item 5",2,0.73
7,"Value Store",72,"Acme Electronics Item 72",2,0.73
7,"Value Store",134,"Luxe Electronics Item 134",2,0.73
7,"Value Store",107,"Freshly Home Item 107",2,0.73
7,"Value Store",117,"Pulse Books Item 117",2,0.73
7,"Value Store",42,"Luxe Beauty Item 42",2,0.73
7,"Value Store",143,"Zenon Beauty Item 143",2,0.73
7,"Value Store",228,"PlayOn Toys Item 228",2,0.73
7,"Value Store",95,"Crafto Electronics Item 95",2,0.73
7,"Value Store",279,"EcoWare Toys Item 279",2,0.73
7,"Value Store",110,"PlayOn Toys Item 110",2,0.73
7,"Value Store",133,"Pulse Home Item 133",2,0.73
7,"Value Store",242,"Nova Toys Item 242",2,0.73
7,"Value Store",57,"PlayOn Electronics Item 57",2,0.73
7,"Value Store",15,"EcoWare Toys Item 15",2,0.73
7,"Value Store",106,"PlayOn Home Item 106",2,0.73
7,"Value Store",218,"Freshly Beauty Item 218",2,0.73
7,"Value Store",79,"Freshly Grocery Item 79",2,0.73
7,"Value Store",219,"Luxe Toys Item 219",1,0.36
7,"Value Store",48,"Luxe Sports Item 48",1,0.36
7,"Value Store",47,"Luxe Sports Item 47",1,0.36
7,"Value Store",81,"Acme Electronics Item 81",1,0.36
7,"Value Store",199,"Crafto Beauty Item 199",1,0.36
7,"Value Store",89,"Freshly Fashion Item 89",1,0.36
7,"Value Store",243,"Freshly Fashion Item 243",1,0.36
7,"Value Store",67,"Luxe Fashion Item 67",1,0.36
7,"Value Store",297,"EcoWare Home Item 297",1,0.36
7,"Value Store",86,"Luxe Fashion Item 86",1,0.36
7,"Value Store",225,"UrbanX Fashion Item 225",1,0.36
7,"Value Store",25,"Nova Electronics Item 25",1,0.36
7,"Value Store",260,"Crafto Sports Item 260",1,0.36
7,"Value Store",111,"PlayOn Home Item 111",1,0.36
7,"Value Store",12,"UrbanX Fashion Item 12",1,0.36
7,"Value Store",76,"Nova Books Item 76",1,0.36
7,"Value Store",194,"Acme Toys Item 194",1,0.36
7,"Value Store",131,"Crafto Electronics Item 131",1,0.36
7,"Value Store",156,"Freshly Grocery Item 156",1,0.36
7,"Value Store",205,"Freshly Fashion Item 205",1,0.36
7,"Value Store",226,"Zenon Fashion Item 226",1,0.36
7,"Value Store",24,"EcoWare Grocery Item 24",1,0.36
7,"Value Store",159,"Freshly Electronics Item 159",1,0.36
7,"Value Store",263,"Nova Beauty Item 263",1,0.36
7,"Value Store",202,"Nova Electronics Item 202",1,0.36
7,"Value Store",2,"Freshly Books Item 2",1,0.36
7,"Value Store",9,"EcoWare Grocery Item 9",1,0.36
7,"Value Store",122,"Zenon Grocery Item 122",1,0.36
7,"Value Store",93,"PlayOn Beauty Item 93",1,0.36
7,"Value Store",285,"Pulse Home Item 285",1,0.36
7,"Value Store",278,"Zenon Electronics Item 278",1,0.36
7,"Value Store",274,"Nova Sports Item 274",1,0.36
7,"Value Store",197,"PlayOn Grocery Item 197",1,0.36
7,"Value Store",296,"Crafto Beauty Item 296",1,0.36
7,"Value Store",232,"Zenon Grocery Item 232",1,0.36
7,"Value Store",126,"EcoWare Toys Item 126",1,0.36
7,"Value Store",26,"UrbanX Grocery Item 26",1,0.36
8,"Prime Plaza",103,"Zenon Electronics Item 103",8,2.97
8,"Prime Plaza",84,"Pulse Fashion Item 84",8,2.97
8,"Prime Plaza",217,"Acme Books Item 217",7,2.60
8,"Prime Plaza",251,"Freshly Books Item 251",6,2.23
8,"Prime Plaza",10,"Freshly Electronics Item 10",6,2.23
8,"Prime Plaza",263,"Nova Beauty Item 263",6,2.23
8,"Prime Plaza",280,"Crafto Electronics Item 280",5,1.86
8,"Prime Plaza",113,"Acme Books Item 113",5,1.86
8,"Prime Plaza",141,"Pulse Toys Item 141",5,1.86
8,"Prime Plaza",38,"Acme Grocery Item 38",5,1.86
8,"Prime Plaza",277,"Zenon Grocery Item 277",5,1.86
8,"Prime Plaza",3,"UrbanX Sports Item 3",5,1.86
8,"Prime Plaza",191,"Acme Fashion Item 191",5,1.86
8,"Prime Plaza",58,"EcoWare Electronics Item 58",5,1.86
8,"Prime Plaza",201,"Zenon Sports Item 201",5,1.86
8,"Prime Plaza",178,"Nova Electronics Item 178",4,1.49
8,"Prime Plaza",275,"PlayOn Beauty Item 275",4,1.49
8,"Prime Plaza",115,"PlayOn Books Item 115",4,1.49
8,"Prime Plaza",295,"Crafto Fashion Item 295",4,1.49
8,"Prime Plaza",51,"Crafto Books Item 51",4,1.49
8,"Prime Plaza",37,"Pulse Fashion Item 37",4,1.49
8,"Prime Plaza",221,"Nova Electronics Item 221",4,1.49
8,"Prime Plaza",112,"Zenon Toys Item 112",4,1.49
8,"Prime Plaza",207,"Pulse Toys Item 207",4,1.49
8,"Prime Plaza",17,"PlayOn Home Item 17",4,1.49
8,"Prime Plaza",119,"Acme Sports Item 119",4,1.49
8,"Prime Plaza",106,"PlayOn Home Item 106",4,1.49
8,"Prime Plaza",162,"EcoWare Books Item 162",4,1.49
8,"Prime Plaza",288,"UrbanX Toys Item 288",4,1.49
8,"Prime Plaza",200,"Luxe Sports Item 200",4,1.49
8,"Prime Plaza",206,"UrbanX Electronics Item 206",3,1.12
8,"Prime Plaza",68,"EcoWare Books Item 68",3,1.12
8,"Prime Plaza",33,"Nova Electronics Item 33",3,1.12
8,"Prime Plaza",256,"Freshly Fashion Item 256",3,1.12
8,"Prime Plaza",229,"Freshly Sports Item 229",3,1.12
8,"Prime Plaza",57,"PlayOn Electronics Item 57",3,1.12
8,"Prime Plaza",129,"EcoWare Home Item 129",3,1.12
8,"Prime Plaza",144,"Crafto Grocery Item 144",3,1.12
8,"Prime Plaza",193,"Acme Grocery Item 193",3,1.12
8,"Prime Plaza",4,"PlayOn Beauty Item 4",3,1.12
8,"Prime Plaza",281,"Acme Grocery Item 281",3,1.12
8,"Prime Plaza",79,"Freshly Grocery Item 79",3,1.12
8,"Prime Plaza",258,"Zenon Toys Item 258",3,1.12
8,"Prime Plaza",1,"PlayOn Toys Item 1",3,1.12
8,"Prime Plaza",24,"EcoWare Grocery Item 24",3,1.12
8,"Prime Plaza",36,"Pulse Grocery Item 36",3,1.12
8,"Prime Plaza",159,"Freshly Electronics Item 159",3,1.12
8,"Prime Plaza",194,"Acme Toys Item 194",2,0.74
8,"Prime Plaza",161,"Luxe Fashion Item 161",2,0.74
8,"Prime Plaza",105,"Acme Toys Item 105",2,0.74
8,"Prime Plaza",220,"Acme Fashion Item 220",2,0.74
8,"Prime Plaza",266,"PlayOn Grocery Item 266",2,0.74
8,"Prime Plaza",32,"Acme Grocery Item 32",2,0.74
8,"Prime Plaza",73,"Crafto Sports Item 73",2,0.74
8,"Prime Plaza",89,"Freshly Fashion Item 89",2,0.74
8,"Prime Plaza",15,"EcoWare Toys Item 15",2,0.74
8,"Prime Plaza",56,"Zenon Beauty Item 56",2,0.74
8,"Prime Plaza",225,"UrbanX Fashion Item 225",2,0.74
8,"Prime Plaza",83,"Pulse Electronics Item 83",2,0.74
8,"Prime Plaza",284,"Acme Sports Item 284",2,0.74
8,"Prime Plaza",70,"Zenon Sports Item 70",2,0.74
8,"Prime Plaza",34,"EcoWare Fashion Item 34",2,0.74
8,"Prime Plaza",85,"Pulse Grocery Item 85",2,0.74
8,"Prime Plaza",108,"Zenon Toys Item 108",2,0.74
8,"Prime Plaza",132,"Nova Books Item 132",2,0.74
8,"Prime Plaza",215,"Luxe Home Item 215",2,0.74
8,"Prime Plaza",244,"Freshly Grocery Item 244",2,0.74
8,"Prime Plaza",125,"Acme Electronics Item 125",2,0.74
8,"Prime Plaza",241,"Crafto Beauty Item 241",1,0.37
8,"Prime Plaza",274,"Nova Sports Item 274",1,0.37
8,"Prime Plaza",123,"Acme Sports Item 123",1,0.37
8,"Prime Plaza",181,"Zenon Electronics Item 181",1,0.37
8,"Prime Plaza",114,"Zenon Toys Item 114",1,0.37
8,"Prime Plaza",248,"Freshly Grocery Item 248",1,0.37
8,"Prime Plaza",188,"Pulse Toys Item 188",1,0.37
8,"Prime Plaza",271,"Acme Grocery Item 271",1,0.37
8,"Prime Plaza",268,"Freshly Home Item 268",1,0.37
8,"Prime Plaza",80,"Acme Electronics Item 80",1,0.37
8,"Prime Plaza",184,"Pulse Home Item 184",1,0.37
8,"Prime Plaza",252,"Freshly Sports Item 252",1,0.37
8,"Prime Plaza",180,"Luxe Grocery Item 180",1,0.37
8,"Prime Plaza",183,"Nova Sports Item 183",1,0.37
8,"Prime Plaza",250,"Pulse Books Item 250",1,0.37
8,"Prime Plaza",154,"EcoWare Books Item 154",1,0.37
8,"Prime Plaza",228,"PlayOn Toys Item 228",1,0.37
8,"Prime Plaza",54,"EcoWare Electronics Item 54",1,0.37
8,"Prime Plaza",86,"Luxe Fashion Item 86",1,0.37
8,"Prime Plaza",186,"UrbanX Sports Item 186",1,0.37
8,"Prime Plaza",199,"Crafto Beauty Item 199",1,0.37
8,"Prime Plaza",127,"Zenon Sports Item 127",1,0.37
8,"Prime Plaza",257,"Nova Books Item 257",1,0.37
8,"Prime Plaza",262,"Acme Electronics Item 262",1,0.37
8,"Prime Plaza",35,"Luxe Home Item 35",1,0.37
8,"Prime Plaza",134,"Luxe Electronics Item 134",1,0.37
8,"Prime Plaza",297,"EcoWare Home Item 297",1,0.37
8,"Prime Plaza",234,"Crafto Beauty Item 234",1,0.37
8,"Prime Plaza",176,"Pulse Fashion Item 176",1,0.37
8,"Prime Plaza",137,"Luxe Beauty Item 137",1,0.37
9,"Eco Market",209,"Acme Sports Item 209",9,3.36
9,"Eco Market",148,"Pulse Sports Item 148",7,2.61
9,"Eco Market",106,"PlayOn Home Item 106",7,2.61
9,"Eco Market",233,"Luxe Home Item 233",6,2.24
9,"Eco Market",254,"Crafto Beauty Item 254",6,2.24
9,"Eco Market",162,"EcoWare Books Item 162",6,2.24
9,"Eco Market",280,"Crafto Electronics Item 280",5,1.87
9,"Eco Market",229,"Freshly Sports Item 229",5,1.87
9,"Eco Market",66,"Nova Electronics Item 66",5,1.87
9,"Eco Market",83,"Pulse Electronics Item 83",5,1.87
9,"Eco Market",45,"Nova Sports Item 45",5,1.87
9,"Eco Market",108,"Zenon Toys Item 108",5,1.87
9,"Eco Market",17,"PlayOn Home Item 17",5,1.87
9,"Eco Market",163,"Crafto Toys Item 163",5,1.87
9,"Eco Market",200,"Luxe Sports Item 200",5,1.87
9,"Eco Market",94,"Nova Home Item 94",4,1.49
9,"Eco Market",188,"Pulse Toys Item 188",4,1.49
9,"Eco Market",28,"PlayOn Fashion Item 28",4,1.49
9,"Eco Market",284,"Acme Sports Item 284",4,1.49
9,"Eco Market",196,"Nova Electronics Item 196",4,1.49
9,"Eco Market",174,"EcoWare Books Item 174",4,1.49
9,"Eco Market",110,"PlayOn Toys Item 110",4,1.49
9,"Eco Market",95,"Crafto Electronics Item 95",4,1.49
9,"Eco Market",123,"Acme Sports Item 123",4,1.49
9,"Eco Market",169,"Acme Electronics Item 169",4,1.49
9,"Eco Market",185,"EcoWare Home Item 185",4,1.49
9,"Eco Market",297,"EcoWare Home Item 297",3,1.12
9,"Eco Market",171,"Nova Toys Item 171",3,1.12
9,"Eco Market",296,"Crafto Beauty Item 296",3,1.12
9,"Eco Market",145,"PlayOn Electronics Item 145",3,1.12
9,"Eco Market",184,"Pulse Home Item 184",3,1.12
9,"Eco Market",53,"UrbanX Books Item 53",3,1.12
9,"Eco Market",88,"UrbanX Fashion Item 88",3,1.12
9,"Eco Market",258,"Zenon Toys Item 258",3,1.12
9,"Eco Market",295,"Crafto Fashion Item 295",3,1.12
9,"Eco Market",271,"Acme Grocery Item 271",3,1.12
9,"Eco Market",176,"Pulse Fashion Item 176",3,1.12
9,"Eco Market",260,"Crafto Sports Item 260",3,1.12
9,"Eco Market",144,"Crafto Grocery Item 144",3,1.12
9,"Eco Market",183,"Nova Sports Item 183",3,1.12
9,"Eco Market",198,"Nova Fashion Item 198",3,1.12
9,"Eco Market",139,"Crafto Sports Item 139",3,1.12
9,"Eco Market",12,"UrbanX Fashion Item 12",3,1.12
9,"Eco Market",147,"Nova Books Item 147",3,1.12
9,"Eco Market",235,"EcoWare Books Item 235",3,1.12
9,"Eco Market",256,"Freshly Fashion Item 256",2,0.75
9,"Eco Market",170,"Zenon Grocery Item 170",2,0.75
9,"Eco Market",204,"Zenon Fashion Item 204",2,0.75
9,"Eco Market",242,"Nova Toys Item 242",2,0.75
9,"Eco Market",19,"Crafto Beauty Item 19",2,0.75
9,"Eco Market",109,"Acme Electronics Item 109",2,0.75
9,"Eco Market",100,"EcoWare Fashion Item 100",2,0.75
9,"Eco Market",165,"Crafto Electronics Item 165",2,0.75
9,"Eco Market",55,"Luxe Beauty Item 55",2,0.75
9,"Eco Market",298,"UrbanX Books Item 298",2,0.75
9,"Eco Market",259,"EcoWare Electronics Item 259",2,0.75
9,"Eco Market",239,"Acme Beauty Item 239",2,0.75
9,"Eco Market",13,"Freshly Electronics Item 13",2,0.75
9,"Eco Market",82,"Nova Electronics Item 82",2,0.75
9,"Eco Market",78,"PlayOn Fashion Item 78",2,0.75
9,"Eco Market",64,"Nova Electronics Item 64",2,0.75
9,"Eco Market",20,"PlayOn Grocery Item 20",2,0.75
9,"Eco Market",117,"Pulse Books Item 117",2,0.75
9,"Eco Market",50,"Pulse Toys Item 50",2,0.75
9,"Eco Market",91,"Acme Home Item 91",2,0.75
9,"Eco Market",89,"Freshly Fashion Item 89",1,0.37
9,"Eco Market",98,"Crafto Beauty Item 98",1,0.37
9,"Eco Market",31,"UrbanX Fashion Item 31",1,0.37
9,"Eco Market",121,"Pulse Fashion Item 121",1,0.37
9,"Eco Market",39,"PlayOn Home Item 39",1,0.37
9,"Eco Market",250,"Pulse Books Item 250",1,0.37
9,"Eco Market",151,"Acme Sports Item 151",1,0.37
9,"Eco Market",70,"Zenon Sports Item 70",1,0.37
9,"Eco Market",265,"Pulse Home Item 265",1,0.37
9,"Eco Market",219,"Luxe Toys Item 219",1,0.37
9,"Eco Market",63,"Crafto Grocery Item 63",1,0.37
9,"Eco Market",90,"Pulse Fashion Item 90",1,0.37
9,"Eco Market",44,"EcoWare Fashion Item 44",1,0.37
9,"Eco Market",56,"Zenon Beauty Item 56",1,0.37
9,"Eco Market",230,"Freshly Home Item 230",1,0.37
9,"Eco Market",42,"Luxe Beauty Item 42",1,0.37
9,"Eco Market",41,"UrbanX Toys Item 41",1,0.37
9,"Eco Market",149,"EcoWare Books Item 149",1,0.37
9,"Eco Market",46,"Pulse Beauty Item 46",1,0.37
9,"Eco Market",292,"Acme Sports Item 292",1,0.37
9,"Eco Market",212,"UrbanX Books Item 212",1,0.37
9,"Eco Market",3,"UrbanX Sports Item 3",1,0.37
9,"Eco Market",32,"Acme Grocery Item 32",1,0.37
9,"Eco Market",286,"Crafto Sports Item 286",1,0.37
9,"Eco Market",272,"Zenon Beauty Item 272",1,0.37
9,"Eco Market",84,"Pulse Fashion Item 84",1,0.37
9,"Eco Market",87,"Nova Electronics Item 87",1,0.37
9,"Eco Market",156,"Freshly Grocery Item 156",1,0.37
9,"Eco Market",270,"Pulse Beauty Item 270",1,0.37
9,"Eco Market",175,"Acme Fashion Item 175",1,0.37
9,"Eco Market",114,"Zenon Toys Item 114",1,0.37
9,"Eco Market",86,"Luxe Fashion Item 86",1,0.37
9,"Eco Market",37,"Pulse Fashion Item 37",1,0.37
9,"Eco Market",27,"Crafto Fashion Item 27",1,0.37
9,"Eco Market",132,"Nova Books Item 132",1,0.37
9,"Eco Market",290,"Pulse Grocery Item 290",1,0.37
9,"Eco Market",8,"Luxe Home Item 8",1,0.37
9,"Eco Market",5,"Freshly Beauty Item 5",1,0.37
9,"Eco Market",189,"Pulse Grocery Item 189",1,0.37
9,"Eco Market",269,"PlayOn Grocery Item 269",1,0.37
9,"Eco Market",116,"Zenon Fashion Item 116",1,0.37
10,"Family Mart",292,"Acme Sports Item 292",8,3.67
10,"Family Mart",169,"Acme Electronics Item 169",8,3.67
10,"Family Mart",247,"PlayOn Books Item 247",6,2.75
10,"Family Mart",203,"PlayOn Grocery Item 203",6,2.75
10,"Family Mart",6,"PlayOn Beauty Item 6",5,2.29
10,"Family Mart",20,"PlayOn Grocery Item 20",5,2.29
10,"Family Mart",98,"Crafto Beauty Item 98",5,2.29
10,"Family Mart",79,"Freshly Grocery Item 79",5,2.29
10,"Family Mart",153,"Luxe Books Item 153",5,2.29
10,"Family Mart",281,"Acme Grocery Item 281",4,1.83
10,"Family Mart",242,"Nova Toys Item 242",4,1.83
10,"Family Mart",250,"Pulse Books Item 250",4,1.83
10,"Family Mart",39,"PlayOn Home Item 39",4,1.83
10,"Family Mart",128,"UrbanX Home Item 128",4,1.83
10,"Family Mart",5,"Freshly Beauty Item 5",4,1.83
10,"Family Mart",283,"Pulse Fashion Item 283",4,1.83
10,"Family Mart",16,"EcoWare Fashion Item 16",4,1.83
10,"Family Mart",300,"Zenon Toys Item 300",4,1.83
10,"Family Mart",279,"EcoWare Toys Item 279",4,1.83
10,"Family Mart",231,"Acme Sports Item 231",4,1.83
10,"Family Mart",275,"PlayOn Beauty Item 275",4,1.83
10,"Family Mart",257,"Nova Books Item 257",3,1.38
10,"Family Mart",158,"Luxe Fashion Item 158",3,1.38
10,"Family Mart",86,"Luxe Fashion Item 86",3,1.38
10,"Family Mart",72,"Acme Electronics Item 72",3,1.38
10,"Family Mart",132,"Nova Books Item 132",3,1.38
10,"Family Mart",104,"Nova Fashion Item 104",3,1.38
10,"Family Mart",234,"Crafto Beauty Item 234",3,1.38
10,"Family Mart",236,"UrbanX Toys Item 236",3,1.38
10,"Family Mart",21,"Luxe Books Item 21",3,1.38
10,"Family Mart",248,"Freshly Grocery Item 248",3,1.38
10,"Family Mart",35,"Luxe Home Item 35",3,1.38
10,"Family Mart",46,"Pulse Beauty Item 46",3,1.38
10,"Family Mart",126,"EcoWare Toys Item 126",3,1.38
10,"Family Mart",299,"Crafto Fashion Item 299",3,1.38
10,"Family Mart",270,"Pulse Beauty Item 270",3,1.38
10,"Family Mart",135,"UrbanX Beauty Item 135",3,1.38
10,"Family Mart",186,"UrbanX Sports Item 186",2,0.92
10,"Family Mart",109,"Acme Electronics Item 109",2,0.92
10,"Family Mart",131,"Crafto Electronics Item 131",2,0.92
10,"Family Mart",232,"Zenon Grocery Item 232",2,0.92
10,"Family Mart",228,"PlayOn Toys Item 228",2,0.92
10,"Family Mart",214,"Luxe Electronics Item 214",2,0.92
10,"Family Mart",261,"Freshly Toys Item 261",2,0.92
10,"Family Mart",176,"Pulse Fashion Item 176",2,0.92
10,"Family Mart",117,"Pulse Books Item 117",2,0.92
10,"Family Mart",224,"Acme Beauty Item 224",2,0.92
10,"Family Mart",116,"Zenon Fashion Item 116",2,0.92
10,"Family Mart",27,"Crafto Fashion Item 27",2,0.92
10,"Family Mart",291,"Freshly Sports Item 291",2,0.92
10,"Family Mart",101,"EcoWare Toys Item 101",2,0.92
10,"Family Mart",50,"Pulse Toys Item 50",2,0.92
10,"Family Mart",159,"Freshly Electronics Item 159",2,0.92
10,"Family Mart",206,"UrbanX Electronics Item 206",2,0.92
10,"Family Mart",66,"Nova Electronics Item 66",2,0.92
10,"Family Mart",210,"Nova Books Item 210",1,0.46
10,"Family Mart",106,"PlayOn Home Item 106",1,0.46
10,"Family Mart",18,"Nova Books Item 18",1,0.46
10,"Family Mart",41,"UrbanX Toys Item 41",1,0.46
10,"Family Mart",33,"Nova Electronics Item 33",1,0.46
10,"Family Mart",76,"Nova Books Item 76",1,0.46
10,"Family Mart",265,"Pulse Home Item 265",1,0.46
10,"Family Mart",217,"Acme Books Item 217",1,0.46
10,"Family Mart",53,"UrbanX Books Item 53",1,0.46
10,"Family Mart",163,"Crafto Toys Item 163",1,0.46
10,"Family Mart",166,"UrbanX Fashion Item 166",1,0.46
10,"Family Mart",127,"Zenon Sports Item 127",1,0.46
10,"Family Mart",201,"Zenon Sports Item 201",1,0.46
10,"Family Mart",229,"Freshly Sports Item 229",1,0.46
10,"Family Mart",69,"Acme Books Item 69",1,0.46
10,"Family Mart",134,"Luxe Electronics Item 134",1,0.46
10,"Family Mart",99,"UrbanX Sports Item 99",1,0.46
10,"Family Mart",71,"Acme Grocery Item 71",1,0.46
10,"Family Mart",249,"Pulse Beauty Item 249",1,0.46
10,"Family Mart",138,"Crafto Books Item 138",1,0.46
10,"Family Mart",75,"UrbanX Sports Item 75",1,0.46
10,"Family Mart",147,"Nova Books Item 147",1,0.46
10,"Family Mart",189,"Pulse Grocery Item 189",1,0.46
10,"Family Mart",219,"Luxe Toys Item 219",1,0.46
10,"Family Mart",190,"Pulse Toys Item 190",1,0.46
10,"Family Mart",22,"Crafto Grocery Item 22",1,0.46
10,"Family Mart",65,"Acme Grocery Item 65",1,0.46
10,"Family Mart",252,"Freshly Sports Item 252",1,0.46
10,"Family Mart",230,"Freshly Home Item 230",1,0.46
10,"Family Mart",227,"Luxe Toys Item 227",1,0.46
10,"Family Mart",298,"UrbanX Books Item 298",1,0.46
10,"Family Mart",271,"Acme Grocery Item 271",1,0.46
10,"Family Mart",160,"PlayOn Books Item 160",1,0.46
11,"Corner Shop",211,"Pulse Home Item 211",8,3.21
11,"Corner Shop",177,"UrbanX Beauty Item 177",7,2.81
11,"Corner Shop",254,"Crafto Beauty Item 254",6,2.41
11,"Corner Shop",10,"Freshly Electronics Item 10",5,2.01
11,"Corner Shop",109,"Acme Electronics Item 109",5,2.01
11,"Corner Shop",163,"Crafto Toys Item 163",5,2.01
11,"Corner Shop",41,"UrbanX Toys Item 41",5,2.01
11,"Corner Shop",143,"Zenon Beauty Item 143",5,2.01
11,"Corner Shop",226,"Zenon Fashion Item 226",5,2.01
11,"Corner Shop",67,"Luxe Fashion Item 67",4,1.61
11,"Corner Shop",223,"Freshly Beauty Item 223",4,1.61
11,"Corner Shop",243,"Freshly Fashion Item 243",4,1.61
11,"Corner Shop",164,"Crafto Home Item 164",4,1.61
11,"Corner Shop",197,"PlayOn Grocery Item 197",4,1.61
11,"Corner Shop",147,"Nova Books Item 147",4,1.61
11,"Corner Shop",192,"Luxe Sports Item 192",4,1.61
11,"Corner Shop",122,"Zenon Grocery Item 122",4,1.61
11,"Corner Shop",50,"Pulse Toys Item 50",4,1.61
11,"Corner Shop",272,"Zenon Beauty Item 272",4,1.61
11,"Corner Shop",132,"Nova Books Item 132",3,1.20
11,"Corner Shop",235,"EcoWare Books Item 235",3,1.20
11,"Corner Shop",18,"Nova Books Item 18",3,1.20
11,"Corner Shop",189,"Pulse Grocery Item 189",3,1.20
11,"Corner Shop",72,"Acme Electronics Item 72",3,1.20
11,"Corner Shop",232,"Zenon Grocery Item 232",3,1.20
11,"Corner Shop",261,"Freshly Toys Item 261",3,1.20
11,"Corner Shop",65,"Acme Grocery Item 65",3,1.20
11,"Corner Shop",190,"Pulse Toys Item 190",3,1.20
11,"Corner Shop",29,"Acme Books Item 29",3,1.20
11,"Corner Shop",31,"UrbanX Fashion Item 31",3,1.20
11,"Corner Shop",32,"Acme Grocery Item 32",3,1.20
11,"Corner Shop",62,"Acme Fashion Item 62",3,1.20
11,"Corner Shop",268,"Freshly Home Item 268",3,1.20
11,"Corner Shop",52,"Luxe Fashion Item 52",3,1.20
11,"Corner Shop",168,"EcoWare Sports Item 168",3,1.20
11,"Corner Shop",259,"EcoWare Electronics Item 259",3,1.20
11,"Corner Shop",169,"Acme Electronics Item 169",3,1.20
11,"Corner Shop",115,"PlayOn Books Item 115",3,1.20
11,"Corner Shop",155,"Luxe Books Item 155",3,1.20
11,"Corner Shop",176,"Pulse Fashion Item 176",3,1.20
11,"Corner Shop",250,"Pulse Books Item 250",3,1.20
11,"Corner Shop",187,"Zenon Beauty Item 187",3,1.20
11,"Corner Shop",59,"Pulse Home Item 59",2,0.80
11,"Corner Shop",277,"Zenon Grocery Item 277",2,0.80
11,"Corner Shop",264,"Zenon Electronics Item 264",2,0.80
11,"Corner Shop",92,"Acme Beauty Item 92",2,0.80
11,"Corner Shop",300,"Zenon Toys Item 300",2,0.80
11,"Corner Shop",74,"Acme Home Item 74",2,0.80
11,"Corner Shop",178,"Nova Electronics Item 178",2,0.80
11,"Corner Shop",129,"EcoWare Home Item 129",2,0.80
11,"Corner Shop",126,"EcoWare Toys Item 126",2,0.80
11,"Corner Shop",210,"Nova Books Item 210",2,0.80
11,"Corner Shop",114,"Zenon Toys Item 114",2,0.80
11,"Corner Shop",290,"Pulse Grocery Item 290",2,0.80
11,"Corner Shop",19,"Crafto Beauty Item 19",2,0.80
11,"Corner Shop",81,"Acme Electronics Item 81",2,0.80
11,"Corner Shop",138,"Crafto Books Item 138",2,0.80
11,"Corner Shop",284,"Acme Sports Item 284",2,0.80
11,"Corner Shop",73,"Crafto Sports Item 73",2,0.80
11,"Corner Shop",280,"Crafto Electronics Item 280",2,0.80
11,"Corner Shop",255,"Zenon Fashion Item 255",2,0.80
11,"Corner Shop",63,"Crafto Grocery Item 63",1,0.40
11,"Corner Shop",240,"Luxe Sports Item 240",1,0.40
11,"Corner Shop",273,"Pulse Sports Item 273",1,0.40
11,"Corner Shop",245,"Zenon Home Item 245",1,0.40
11,"Corner Shop",97,"Luxe Toys Item 97",1,0.40
11,"Corner Shop",275,"PlayOn Beauty Item 275",1,0.40
11,"Corner Shop",253,"Freshly Books Item 253",1,0.40
11,"Corner Shop",90,"Pulse Fashion Item 90",1,0.40
11,"Corner Shop",9,"EcoWare Grocery Item 9",1,0.40
11,"Corner Shop",206,"UrbanX Electronics Item 206",1,0.40
11,"Corner Shop",71,"Acme Grocery Item 71",1,0.40
11,"Corner Shop",286,"Crafto Sports Item 286",1,0.40
11,"Corner Shop",153,"Luxe Books Item 153",1,0.40
11,"Corner Shop",156,"Freshly Grocery Item 156",1,0.40
11,"Corner Shop",91,"Acme Home Item 91",1,0.40
11,"Corner Shop",124,"Luxe Beauty Item 124",1,0.40
11,"Corner Shop",229,"Freshly Sports Item 229",1,0.40
11,"Corner Shop",294,"Nova Electronics Item 294",1,0.40
11,"Corner Shop",116,"Zenon Fashion Item 116",1,0.40
11,"Corner Shop",292,"Acme Sports Item 292",1,0.40
11,"Corner Shop",216,"Freshly Home Item 216",1,0.40
11,"Corner Shop",135,"UrbanX Beauty Item 135",1,0.40
11,"Corner Shop",160,"PlayOn Books Item 160",1,0.40
11,"Corner Shop",296,"Crafto Beauty Item 296",1,0.40
11,"Corner Shop",228,"PlayOn Toys Item 228",1,0.40
11,"Corner Shop",222,"Zenon Home Item 222",1,0.40
11,"Corner Shop",159,"Freshly Electronics Item 159",1,0.40
11,"Corner Shop",101,"EcoWare Toys Item 101",1,0.40
11,"Corner Shop",87,"Nova Electronics Item 87",1,0.40
11,"Corner Shop",202,"Nova Electronics Item 202",1,0.40
11,"Corner Shop",69,"Acme Books Item 69",1,0.40
11,"Corner Shop",141,"Pulse Toys Item 141",1,0.40
11,"Corner Shop",23,"PlayOn Beauty Item 23",1,0.40
11,"Corner Shop",167,"Pulse Books Item 167",1,0.40
11,"Corner Shop",291,"Freshly Sports Item 291",1,0.40
11,"Corner Shop",99,"UrbanX Sports Item 99",1,0.40
11,"Corner Shop",195,"PlayOn Home Item 195",1,0.40
11,"Corner Shop",108,"Zenon Toys Item 108",1,0.40
11,"Corner Shop",43,"UrbanX Home Item 43",1,0.40
11,"Corner Shop",140,"Luxe Beauty Item 140",1,0.40
11,"Corner Shop",53,"UrbanX Books Item 53",1,0.40
11,"Corner Shop",271,"Acme Grocery Item 271",1,0.40
11,"Corner Shop",209,"Acme Sports Item 209",1,0.40
11,"Corner Shop",106,"PlayOn Home Item 106",1,0.40
11,"Corner Shop",276,"Acme Electronics Item 276",1,0.40
11,"Corner Shop",94,"Nova Home Item 94",1,0.40
11,"Corner Shop",58,"EcoWare Electronics Item 58",1,0.40
11,"Corner Shop",295,"Crafto Fashion Item 295",1,0.40
11,"Corner Shop",298,"UrbanX Books Item 298",1,0.40
11,"Corner Shop",218,"Freshly Beauty Item 218",1,0.40
11,"Corner Shop",204,"Zenon Fashion Item 204",1,0.40
12,"Outlet 99",296,"Crafto Beauty Item 296",10,3.88
12,"Outlet 99",129,"EcoWare Home Item 129",9,3.49
12,"Outlet 99",73,"Crafto Sports Item 73",8,3.10
12,"Outlet 99",43,"UrbanX Home Item 43",6,2.33
12,"Outlet 99",89,"Freshly Fashion Item 89",6,2.33
12,"Outlet 99",250,"Pulse Books Item 250",5,1.94
12,"Outlet 99",142,"Nova Home Item 142",5,1.94
12,"Outlet 99",140,"Luxe Beauty Item 140",5,1.94
12,"Outlet 99",148,"Pulse Sports Item 148",5,1.94
12,"Outlet 99",221,"Nova Electronics Item 221",5,1.94
12,"Outlet 99",31,"UrbanX Fashion Item 31",5,1.94
12,"Outlet 99",60,"Nova Beauty Item 60",5,1.94
12,"Outlet 99",176,"Pulse Fashion Item 176",5,1.94
12,"Outlet 99",82,"Nova Electronics Item 82",5,1.94
12,"Outlet 99",20,"PlayOn Grocery Item 20",5,1.94
12,"Outlet 99",241,"Crafto Beauty Item 241",5,1.94
12,"Outlet 99",164,"Crafto Home Item 164",4,1.55
12,"Outlet 99",94,"Nova Home Item 94",4,1.55
12,"Outlet 99",261,"Freshly Toys Item 261",4,1.55
12,"Outlet 99",87,"Nova Electronics Item 87",4,1.55
12,"Outlet 99",253,"Freshly Books Item 253",4,1.55
12,"Outlet 99",151,"Acme Sports Item 151",4,1.55
12,"Outlet 99",217,"Acme Books Item 217",4,1.55
12,"Outlet 99",24,"EcoWare Grocery Item 24",3,1.16
12,"Outlet 99",232,"Zenon Grocery Item 232",3,1.16
12,"Outlet 99",248,"Freshly Grocery Item 248",3,1.16
12,"Outlet 99",119,"Acme Sports Item 119",3,1.16
12,"Outlet 99",80,"Acme Electronics Item 80",3,1.16
12,"Outlet 99",199,"Crafto Beauty Item 199",3,1.16
12,"Outlet 99",204,"Zenon Fashion Item 204",3,1.16
12,"Outlet 99",59,"Pulse Home Item 59",3,1.16
12,"Outlet 99",179,"Zenon Grocery Item 179",3,1.16
12,"Outlet 99",124,"Luxe Beauty Item 124",3,1.16
12,"Outlet 99",154,"EcoWare Books Item 154",3,1.16
12,"Outlet 99",90,"Pulse Fashion Item 90",3,1.16
12,"Outlet 99",12,"UrbanX Fashion Item 12",3,1.16
12,"Outlet 99",228,"PlayOn Toys Item 228",3,1.16
12,"Outlet 99",51,"Crafto Books Item 51",3,1.16
12,"Outlet 99",8,"Luxe Home Item 8",3,1.16
12,"Outlet 99",11,"Luxe Beauty Item 11",3,1.16
12,"Outlet 99",137,"Luxe Beauty Item 137",3,1.16
12,"Outlet 99",68,"EcoWare Books Item 68",3,1.16
12,"Outlet 99",125,"Acme Electronics Item 125",2,0.78
12,"Outlet 99",271,"Acme Grocery Item 271",2,0.78
12,"Outlet 99",62,"Acme Fashion Item 62",2,0.78
12,"Outlet 99",96,"Luxe Toys Item 96",2,0.78
12,"Outlet 99",236,"UrbanX Toys Item 236",2,0.78
12,"Outlet 99",152,"PlayOn Grocery Item 152",2,0.78
12,"Outlet 99",168,"EcoWare Sports Item 168",2,0.78
12,"Outlet 99",100,"EcoWare Fashion Item 100",2,0.78
12,"Outlet 99",75,"UrbanX Sports Item 75",2,0.78
12,"Outlet 99",194,"Acme Toys Item 194",2,0.78
12,"Outlet 99",107,"Freshly Home Item 107",2,0.78
12,"Outlet 99",145,"PlayOn Electronics Item 145",2,0.78
12,"Outlet 99",46,"Pulse Beauty Item 46",2,0.78
12,"Outlet 99",212,"UrbanX Books Item 212",2,0.78
12,"Outlet 99",65,"Acme Grocery Item 65",2,0.78
12,"Outlet 99",274,"Nova Sports Item 274",2,0.78
12,"Outlet 99",290,"Pulse Grocery Item 290",2,0.78
12,"Outlet 99",6,"PlayOn Beauty Item 6",2,0.78
12,"Outlet 99",157,"Nova Beauty Item 157",2,0.78
12,"Outlet 99",178,"Nova Electronics Item 178",2,0.78
12,"Outlet 99",127,"Zenon Sports Item 127",2,0.78
12,"Outlet 99",213,"UrbanX Grocery Item 213",2,0.78
12,"Outlet 99",32,"Acme Grocery Item 32",1,0.39
12,"Outlet 99",174,"EcoWare Books Item 174",1,0.39
12,"Outlet 99",48,"Luxe Sports Item 48",1,0.39
12,"Outlet 99",181,"Zenon Electronics Item 181",1,0.39
12,"Outlet 99",15,"EcoWare Toys Item 15",1,0.39
12,"Outlet 99",40,"Pulse Books Item 40",1,0.39
12,"Outlet 99",208,"UrbanX Books Item 208",1,0.39
12,"Outlet 99",272,"Zenon Beauty Item 272",1,0.39
12,"Outlet 99",22,"Crafto Grocery Item 22",1,0.39
12,"Outlet 99",270,"Pulse Beauty Item 270",1,0.39
12,"Outlet 99",111,"PlayOn Home Item 111",1,0.39
12,"Outlet 99",118,"Nova Home Item 118",1,0.39
12,"Outlet 99",103,"Zenon Electronics Item 103",1,0.39
12,"Outlet 99",251,"Freshly Books Item 251",1,0.39
12,"Outlet 99",211,"Pulse Home Item 211",1,0.39
12,"Outlet 99",55,"Luxe Beauty Item 55",1,0.39
12,"Outlet 99",196,"Nova Electronics Item 196",1,0.39
12,"Outlet 99",235,"EcoWare Books Item 235",1,0.39
12,"Outlet 99",92,"Acme Beauty Item 92",1,0.39
12,"Outlet 99",63,"Crafto Grocery Item 63",1,0.39
12,"Outlet 99",130,"Freshly Fashion Item 130",1,0.39
12,"Outlet 99",10,"Freshly Electronics Item 10",1,0.39
12,"Outlet 99",161,"Luxe Fashion Item 161",1,0.39
12,"Outlet 99",72,"Acme Electronics Item 72",1,0.39
12,"Outlet 99",131,"Crafto Electronics Item 131",1,0.39
12,"Outlet 99",249,"Pulse Beauty Item 249",1,0.39
12,"Outlet 99",71,"Acme Grocery Item 71",1,0.39
12,"Outlet 99",160,"PlayOn Books Item 160",1,0.39
12,"Outlet 99",191,"Acme Fashion Item 191",1,0.39
12,"Outlet 99",98,"Crafto Beauty Item 98",1,0.39
12,"Outlet 99",136,"Pulse Beauty Item 136",1,0.39
12,"Outlet 99",167,"Pulse Books Item 167",1,0.39
12,"Outlet 99",115,"PlayOn Books Item 115",1,0.39
12,"Outlet 99",83,"Pulse Electronics Item 83",1,0.39
12,"Outlet 99",246,"Crafto Beauty Item 246",1,0.39
